,Mutation,ddG (kcal/mol),pos,wtAA,mutAA
0,A1A,0.0,1,A,A
1,A1C,-0.1518,1,A,C
2,A1D,-0.0005,1,A,D
3,A1E,-0.0216,1,A,E
4,A1F,0.0897,1,A,F
5,A1G,0.1069,1,A,G
6,A1H,0.0526,1,A,H
7,A1I,0.0936,1,A,I
8,A1K,0.1239,1,A,K
9,A1L,0.0328,1,A,L
10,A1M,0.1292,1,A,M
11,A1N,0.0586,1,A,N
12,A1P,0.1509,1,A,P
13,A1Q,0.0677,1,A,Q
14,A1R,0.1736,1,A,R
15,A1S,0.0773,1,A,S
16,A1T,0.0905,1,A,T
17,A1V,0.0626,1,A,V
18,A1W,0.1581,1,A,W
19,A1Y,0.214,1,A,Y
20,F2A,-0.0762,2,F,A
21,F2C,-0.3178,2,F,C
22,F2D,-0.1122,2,F,D
23,F2E,-0.0799,2,F,E
24,F2F,0.0,2,F,F
25,F2G,0.0825,2,F,G
26,F2H,-0.0557,2,F,H
27,F2I,0.0966,2,F,I
28,F2K,0.0458,2,F,K
29,F2L,-0.0521,2,F,L
30,F2M,0.0132,2,F,M
31,F2N,-0.0889,2,F,N
32,F2P,-0.0877,2,F,P
33,F2Q,0.0285,2,F,Q
34,F2R,0.0303,2,F,R
35,F2S,-0.0105,2,F,S
36,F2T,0.0305,2,F,T
37,F2V,0.1367,2,F,V
38,F2W,-0.1231,2,F,W
39,F2Y,0.0772,2,F,Y
40,F3A,-0.0319,3,F,A
41,F3C,-0.304,3,F,C
42,F3D,-0.1046,3,F,D
43,F3E,-0.0364,3,F,E
44,F3F,0.0,3,F,F
45,F3G,0.133,3,F,G
46,F3H,-0.0014,3,F,H
47,F3I,0.1507,3,F,I
48,F3K,0.0461,3,F,K
49,F3L,-0.0347,3,F,L
50,F3M,0.0317,3,F,M
51,F3N,-0.0738,3,F,N
52,F3P,-0.0248,3,F,P
53,F3Q,0.0813,3,F,Q
54,F3R,0.0249,3,F,R
55,F3S,0.0273,3,F,S
56,F3T,0.0969,3,F,T
57,F3V,0.2182,3,F,V
58,F3W,-0.1679,3,F,W
59,F3Y,0.0666,3,F,Y
60,S4A,0.0414,4,S,A
61,S4C,-0.1017,4,S,C
62,S4D,0.208,4,S,D
63,S4E,0.1489,4,S,E
64,S4F,0.1304,4,S,F
65,S4G,0.1706,4,S,G
66,S4H,0.1464,4,S,H
67,S4I,0.2189,4,S,I
68,S4K,0.084,4,S,K
69,S4L,0.1868,4,S,L
70,S4M,0.1876,4,S,M
71,S4N,0.129,4,S,N
72,S4P,0.0192,4,S,P
73,S4Q,0.1656,4,S,Q
74,S4R,0.1269,4,S,R
75,S4S,0.0,4,S,S
76,S4T,0.0682,4,S,T
77,S4V,0.2132,4,S,V
78,S4W,0.1534,4,S,W
79,S4Y,0.2311,4,S,Y
80,W5A,0.8605,5,W,A
81,W5C,0.455,5,W,C
82,W5D,0.9775,5,W,D
83,W5E,0.8816,5,W,E
84,W5F,0.2941,5,W,F
85,W5G,1.0135,5,W,G
86,W5H,0.783,5,W,H
87,W5I,0.6807,5,W,I
88,W5K,0.8492,5,W,K
89,W5L,0.546,5,W,L
90,W5M,0.6051,5,W,M
91,W5N,0.9456,5,W,N
92,W5P,0.8526,5,W,P
93,W5Q,0.939,5,W,Q
94,W5R,0.7001,5,W,R
95,W5S,0.9998,5,W,S
96,W5T,0.9147,5,W,T
97,W5V,0.7997,5,W,V
98,W5W,0.0,5,W,W
99,W5Y,0.2748,5,W,Y
100,S6A,0.1049,6,S,A
101,S6C,-0.0997,6,S,C
102,S6D,0.2119,6,S,D
103,S6E,0.1207,6,S,E
104,S6F,0.2201,6,S,F
105,S6G,0.2186,6,S,G
106,S6H,0.2313,6,S,H
107,S6I,0.2964,6,S,I
108,S6K,0.2285,6,S,K
109,S6L,0.2521,6,S,L
110,S6M,0.215,6,S,M
111,S6N,0.1797,6,S,N
112,S6P,0.1083,6,S,P
113,S6Q,0.2194,6,S,Q
114,S6R,0.2649,6,S,R
115,S6S,0.0,6,S,S
116,S6T,0.0783,6,S,T
117,S6V,0.272,6,S,V
118,S6W,0.2127,6,S,W
119,S6Y,0.3487,6,S,Y
120,L7A,0.0028,7,L,A
121,L7C,-0.1725,7,L,C
122,L7D,0.0454,7,L,D
123,L7E,0.0231,7,L,E
124,L7F,-0.0693,7,L,F
125,L7G,0.1829,7,L,G
126,L7H,0.0071,7,L,H
127,L7I,0.0189,7,L,I
128,L7K,-0.0223,7,L,K
129,L7L,0.0,7,L,L
130,L7M,0.021,7,L,M
131,L7N,0.0433,7,L,N
132,L7P,0.2789,7,L,P
133,L7Q,0.0284,7,L,Q
134,L7R,-0.0479,7,L,R
135,L7S,-0.0457,7,L,S
136,L7T,-0.0438,7,L,T
137,L7V,0.0759,7,L,V
138,L7W,-0.0673,7,L,W
139,L7Y,0.0004,7,L,Y
140,T8A,0.0596,8,T,A
141,T8C,-0.149,8,T,C
142,T8D,0.0396,8,T,D
143,T8E,-0.0432,8,T,E
144,T8F,0.1067,8,T,F
145,T8G,0.0915,8,T,G
146,T8H,0.0561,8,T,H
147,T8I,0.1899,8,T,I
148,T8K,0.1975,8,T,K
149,T8L,0.1359,8,T,L
150,T8M,0.1689,8,T,M
151,T8N,0.0196,8,T,N
152,T8P,0.2167,8,T,P
153,T8Q,0.1328,8,T,Q
154,T8R,0.2392,8,T,R
155,T8S,-0.0262,8,T,S
156,T8T,0.0,8,T,T
157,T8V,0.1616,8,T,V
158,T8W,0.1629,8,T,W
159,T8Y,0.2221,8,T,Y
160,D9A,0.0787,9,D,A
161,D9C,-0.0686,9,D,C
162,D9D,0.0,9,D,D
163,D9E,0.0472,9,D,E
164,D9F,0.2539,9,D,F
165,D9G,0.2387,9,D,G
166,D9H,0.2279,9,D,H
167,D9I,0.28,9,D,I
168,D9K,0.279,9,D,K
169,D9L,0.1679,9,D,L
170,D9M,0.2359,9,D,M
171,D9N,0.1613,9,D,N
172,D9P,0.0987,9,D,P
173,D9Q,0.2036,9,D,Q
174,D9R,0.3359,9,D,R
175,D9S,0.1043,9,D,S
176,D9T,0.1682,9,D,T
177,D9V,0.2475,9,D,V
178,D9W,0.2839,9,D,W
179,D9Y,0.4016,9,D,Y
180,G18A,-0.136,18,G,A
181,G18C,-0.364,18,G,C
182,G18D,0.0933,18,G,D
183,G18E,-0.0673,18,G,E
184,G18F,-0.2885,18,G,F
185,G18G,0.0,18,G,G
186,G18H,-0.0505,18,G,H
187,G18I,-0.1372,18,G,I
188,G18K,0.1364,18,G,K
189,G18L,-0.0918,18,G,L
190,G18M,-0.0499,18,G,M
191,G18N,0.1067,18,G,N
192,G18P,0.1863,18,G,P
193,G18Q,0.0658,18,G,Q
194,G18R,0.1162,18,G,R
195,G18S,-0.1073,18,G,S
196,G18T,-0.2283,18,G,T
197,G18V,-0.1793,18,G,V
198,G18W,-0.4832,18,G,W
199,G18Y,-0.3084,18,G,Y
200,Y19A,0.187,19,Y,A
201,Y19C,0.0133,19,Y,C
202,Y19D,0.4165,19,Y,D
203,Y19E,0.3127,19,Y,E
204,Y19F,0.0461,19,Y,F
205,Y19G,0.5432,19,Y,G
206,Y19H,0.204,19,Y,H
207,Y19I,0.1842,19,Y,I
208,Y19K,0.1083,19,Y,K
209,Y19L,0.1592,19,Y,L
210,Y19M,0.1455,19,Y,M
211,Y19N,0.359,19,Y,N
212,Y19P,0.5683,19,Y,P
213,Y19Q,0.1755,19,Y,Q
214,Y19R,0.0819,19,Y,R
215,Y19S,0.2865,19,Y,S
216,Y19T,0.2923,19,Y,T
217,Y19V,0.2619,19,Y,V
218,Y19W,-0.1198,19,Y,W
219,Y19Y,0.0,19,Y,Y
220,C20A,0.0564,20,C,A
221,C20C,0.0,20,C,C
222,C20D,0.26,20,C,D
223,C20E,0.1798,20,C,E
224,C20F,0.1483,20,C,F
225,C20G,0.2547,20,C,G
226,C20H,0.0913,20,C,H
227,C20I,0.0814,20,C,I
228,C20K,-0.0726,20,C,K
229,C20L,0.0894,20,C,L
230,C20M,0.196,20,C,M
231,C20N,0.1503,20,C,N
232,C20P,0.2126,20,C,P
233,C20Q,0.1037,20,C,Q
234,C20R,-0.0398,20,C,R
235,C20S,0.0859,20,C,S
236,C20T,0.0703,20,C,T
237,C20V,0.102,20,C,V
238,C20W,0.1611,20,C,W
239,C20Y,0.1281,20,C,Y
240,L21A,0.2076,21,L,A
241,L21C,-0.0785,21,L,C
242,L21D,0.5563,21,L,D
243,L21E,0.339,21,L,E
244,L21F,-0.172,21,L,F
245,L21G,0.5193,21,L,G
246,L21H,0.2291,21,L,H
247,L21I,0.0364,21,L,I
248,L21K,0.1875,21,L,K
249,L21L,0.0,21,L,L
250,L21M,0.0709,21,L,M
251,L21N,0.4407,21,L,N
252,L21P,0.6808,21,L,P
253,L21Q,0.2495,21,L,Q
254,L21R,0.1903,21,L,R
255,L21S,0.3725,21,L,S
256,L21T,0.315,21,L,T
257,L21V,0.0821,21,L,V
258,L21W,-0.2954,21,L,W
259,L21Y,-0.1751,21,L,Y
260,E22A,-0.2059,22,E,A
261,E22C,-0.3979,22,E,C
262,E22D,0.2914,22,E,D
263,E22E,0.0,22,E,E
264,E22F,-0.1985,22,E,F
265,E22G,0.3287,22,E,G
266,E22H,0.0536,22,E,H
267,E22I,-0.1476,22,E,I
268,E22K,-0.0074,22,E,K
269,E22L,-0.2129,22,E,L
270,E22M,-0.1355,22,E,M
271,E22N,0.2288,22,E,N
272,E22P,0.8661,22,E,P
273,E22Q,-0.0119,22,E,Q
274,E22R,0.0511,22,E,R
275,E22S,0.0824,22,E,S
276,E22T,0.0888,22,E,T
277,E22V,-0.1133,22,E,V
278,E22W,-0.3816,22,E,W
279,E22Y,-0.2693,22,E,Y
280,E23A,0.0429,23,E,A
281,E23C,-0.3391,23,E,C
282,E23D,0.3816,23,E,D
283,E23E,0.0,23,E,E
284,E23F,-0.2023,23,E,F
285,E23G,0.5949,23,E,G
286,E23H,0.0182,23,E,H
287,E23I,-0.2249,23,E,I
288,E23K,-0.0081,23,E,K
289,E23L,-0.1743,23,E,L
290,E23M,-0.1084,23,E,M
291,E23N,0.3023,23,E,N
292,E23P,1.1432,23,E,P
293,E23Q,-0.0151,23,E,Q
294,E23R,0.0276,23,E,R
295,E23S,0.2627,23,E,S
296,E23T,0.1045,23,E,T
297,E23V,-0.1745,23,E,V
298,E23W,-0.365,23,E,W
299,E23Y,-0.3178,23,E,Y
300,W24A,0.964,24,W,A
301,W24C,0.6126,24,W,C
302,W24D,1.5088,24,W,D
303,W24E,1.4077,24,W,E
304,W24F,0.2809,24,W,F
305,W24G,1.3417,24,W,G
306,W24H,1.0125,24,W,H
307,W24I,0.7559,24,W,I
308,W24K,1.1289,24,W,K
309,W24L,0.8788,24,W,L
310,W24M,0.821,24,W,M
311,W24N,1.3729,24,W,N
312,W24P,1.5274,24,W,P
313,W24Q,1.235,24,W,Q
314,W24R,1.0125,24,W,R
315,W24S,1.0808,24,W,S
316,W24T,1.091,24,W,T
317,W24V,0.8325,24,W,V
318,W24W,0.0,24,W,W
319,W24Y,0.2611,24,W,Y
320,M25A,0.4505,25,M,A
321,M25C,-0.0725,25,M,C
322,M25D,0.9953,25,M,D
323,M25E,0.7508,25,M,E
324,M25F,-0.0769,25,M,F
325,M25G,0.8707,25,M,G
326,M25H,0.4375,25,M,H
327,M25I,0.0293,25,M,I
328,M25K,0.5568,25,M,K
329,M25L,0.045,25,M,L
330,M25M,0.0,25,M,M
331,M25N,0.7934,25,M,N
332,M25P,1.0561,25,M,P
333,M25Q,0.6159,25,M,Q
334,M25R,0.4356,25,M,R
335,M25S,0.761,25,M,S
336,M25T,0.7214,25,M,T
337,M25V,0.2789,25,M,V
338,M25W,-0.2465,25,M,W
339,M25Y,-0.1494,25,M,Y
340,L26A,0.057,26,L,A
341,L26C,-0.0577,26,L,C
342,L26D,0.3169,26,L,D
343,L26E,0.1179,26,L,E
344,L26F,0.0939,26,L,F
345,L26G,0.6222,26,L,G
346,L26H,0.1606,26,L,H
347,L26I,-0.1185,26,L,I
348,L26K,0.069,26,L,K
349,L26L,0.0,26,L,L
350,L26M,0.0357,26,L,M
351,L26N,0.3401,26,L,N
352,L26P,1.0997,26,L,P
353,L26Q,0.0874,26,L,Q
354,L26R,-0.009,26,L,R
355,L26S,0.1357,26,L,S
356,L26T,0.0794,26,L,T
357,L26V,0.0103,26,L,V
358,L26W,0.0076,26,L,W
359,L26Y,0.0468,26,L,Y
360,V27A,0.2197,27,V,A
361,V27C,-0.0901,27,V,C
362,V27D,0.7793,27,V,D
363,V27E,0.3311,27,V,E
364,V27F,-0.079,27,V,F
365,V27G,0.7106,27,V,G
366,V27H,0.1796,27,V,H
367,V27I,0.0599,27,V,I
368,V27K,-0.0339,27,V,K
369,V27L,0.0109,27,V,L
370,V27M,0.1263,27,V,M
371,V27N,0.4532,27,V,N
372,V27P,1.5517,27,V,P
373,V27Q,0.1615,27,V,Q
374,V27R,-0.0656,27,V,R
375,V27S,0.4554,27,V,S
376,V27T,0.2515,27,V,T
377,V27V,0.0,27,V,V
378,V27W,-0.0797,27,V,W
379,V27Y,-0.2336,27,V,Y
380,A28A,0.0,28,A,A
381,A28C,-0.0958,28,A,C
382,A28D,0.6328,28,A,D
383,A28E,0.4884,28,A,E
384,A28F,0.1459,28,A,F
385,A28G,0.3932,28,A,G
386,A28H,0.3375,28,A,H
387,A28I,-0.0585,28,A,I
388,A28K,0.2774,28,A,K
389,A28L,0.0061,28,A,L
390,A28M,0.1132,28,A,M
391,A28N,0.4809,28,A,N
392,A28P,0.6355,28,A,P
393,A28Q,0.3794,28,A,Q
394,A28R,0.2705,28,A,R
395,A28S,0.3051,28,A,S
396,A28T,0.2419,28,A,T
397,A28V,-0.081,28,A,V
398,A28W,-0.0272,28,A,W
399,A28Y,0.0976,28,A,Y
400,A29A,0.0,29,A,A
401,A29C,-0.2325,29,A,C
402,A29D,0.3162,29,A,D
403,A29E,0.0707,29,A,E
404,A29F,-0.046,29,A,F
405,A29G,0.4433,29,A,G
406,A29H,0.2161,29,A,H
407,A29I,0.0687,29,A,I
408,A29K,0.1264,29,A,K
409,A29L,-0.0133,29,A,L
410,A29M,-0.0173,29,A,M
411,A29N,0.3101,29,A,N
412,A29P,1.0461,29,A,P
413,A29Q,0.1159,29,A,Q
414,A29R,0.1506,29,A,R
415,A29S,0.2362,29,A,S
416,A29T,0.2478,29,A,T
417,A29V,0.132,29,A,V
418,A29W,-0.2392,29,A,W
419,A29Y,-0.0543,29,A,Y
420,K30A,0.1764,30,K,A
421,K30C,-0.0825,30,K,C
422,K30D,0.6225,30,K,D
423,K30E,0.3577,30,K,E
424,K30F,-0.0459,30,K,F
425,K30G,0.6,30,K,G
426,K30H,0.1702,30,K,H
427,K30I,0.017,30,K,I
428,K30K,0.0,30,K,K
429,K30L,0.0505,30,K,L
430,K30M,0.101,30,K,M
431,K30N,0.4175,30,K,N
432,K30P,0.9187,30,K,P
433,K30Q,0.2354,30,K,Q
434,K30R,-0.0386,30,K,R
435,K30S,0.3502,30,K,S
436,K30T,0.302,30,K,T
437,K30V,0.1435,30,K,V
438,K30W,-0.1074,30,K,W
439,K30Y,-0.0886,30,K,Y
440,M31A,0.5645,31,M,A
441,M31C,0.0773,31,M,C
442,M31D,1.1209,31,M,D
443,M31E,0.7417,31,M,E
444,M31F,0.0679,31,M,F
445,M31G,1.1348,31,M,G
446,M31H,0.636,31,M,H
447,M31I,0.1388,31,M,I
448,M31K,0.8168,31,M,K
449,M31L,0.1604,31,M,L
450,M31M,0.0,31,M,M
451,M31N,0.9348,31,M,N
452,M31P,1.3411,31,M,P
453,M31Q,0.7161,31,M,Q
454,M31R,0.6626,31,M,R
455,M31S,0.7845,31,M,S
456,M31T,0.7104,31,M,T
457,M31V,0.2706,31,M,V
458,M31W,-0.0609,31,M,W
459,M31Y,0.0515,31,M,Y
460,K32A,0.2427,32,K,A
461,K32C,0.1161,32,K,C
462,K32D,0.7353,32,K,D
463,K32E,0.5284,32,K,E
464,K32F,0.2149,32,K,F
465,K32G,0.6556,32,K,G
466,K32H,0.3325,32,K,H
467,K32I,0.1601,32,K,I
468,K32K,0.0,32,K,K
469,K32L,0.2255,32,K,L
470,K32M,0.2102,32,K,M
471,K32N,0.4951,32,K,N
472,K32P,0.9107,32,K,P
473,K32Q,0.2086,32,K,Q
474,K32R,0.0007,32,K,R
475,K32S,0.3273,32,K,S
476,K32T,0.3622,32,K,T
477,K32V,0.2245,32,K,V
478,K32W,0.0456,32,K,W
479,K32Y,0.1574,32,K,Y
480,C33A,0.1578,33,C,A
481,C33C,0.0,33,C,C
482,C33D,0.1157,33,C,D
483,C33E,0.0489,33,C,E
484,C33F,0.2597,33,C,F
485,C33G,0.4023,33,C,G
486,C33H,0.2325,33,C,H
487,C33I,0.2752,33,C,I
488,C33K,0.2131,33,C,K
489,C33L,0.1957,33,C,L
490,C33M,0.2472,33,C,M
491,C33N,0.2394,33,C,N
492,C33P,0.3386,33,C,P
493,C33Q,0.1844,33,C,Q
494,C33R,0.2258,33,C,R
495,C33S,0.2327,33,C,S
496,C33T,0.261,33,C,T
497,C33V,0.2982,33,C,V
498,C33W,0.1548,33,C,W
499,C33Y,0.3003,33,C,Y
500,F34A,0.4092,34,F,A
501,F34C,0.0206,34,F,C
502,F34D,0.4468,34,F,D
503,F34E,0.3477,34,F,E
504,F34F,0.0,34,F,F
505,F34G,0.5931,34,F,G
506,F34H,0.3311,34,F,H
507,F34I,0.2356,34,F,I
508,F34K,0.3836,34,F,K
509,F34L,0.2117,34,F,L
510,F34M,0.2363,34,F,M
511,F34N,0.4087,34,F,N
512,F34P,0.7356,34,F,P
513,F34Q,0.3692,34,F,Q
514,F34R,0.3976,34,F,R
515,F34S,0.4344,34,F,S
516,F34T,0.3282,34,F,T
517,F34V,0.2879,34,F,V
518,F34W,-0.1416,34,F,W
519,F34Y,0.0436,34,F,Y
520,G35A,-0.0892,35,G,A
521,G35C,-0.1181,35,G,C
522,G35D,0.1246,35,G,D
523,G35E,0.1163,35,G,E
524,G35F,0.0726,35,G,F
525,G35G,0.0,35,G,G
526,G35H,0.1066,35,G,H
527,G35I,0.093,35,G,I
528,G35K,-0.0205,35,G,K
529,G35L,0.0548,35,G,L
530,G35M,0.1281,35,G,M
531,G35N,0.097,35,G,N
532,G35P,0.0054,35,G,P
533,G35Q,0.0763,35,G,Q
534,G35R,0.0537,35,G,R
535,G35S,-0.0088,35,G,S
536,G35T,0.0361,35,G,T
537,G35V,0.074,35,G,V
538,G35W,0.1144,35,G,W
539,G35Y,0.1616,35,G,Y
540,N36A,0.0683,36,N,A
541,N36C,-0.1216,36,N,C
542,N36D,0.0929,36,N,D
543,N36E,0.0499,36,N,E
544,N36F,0.1284,36,N,F
545,N36G,0.2347,36,N,G
546,N36H,0.0766,36,N,H
547,N36I,0.165,36,N,I
548,N36K,0.1001,36,N,K
549,N36L,0.0476,36,N,L
550,N36M,0.1242,36,N,M
551,N36N,0.0,36,N,N
552,N36P,0.13,36,N,P
553,N36Q,0.1327,36,N,Q
554,N36R,0.1267,36,N,R
555,N36S,-0.0037,36,N,S
556,N36T,0.0132,36,N,T
557,N36V,0.1492,36,N,V
558,N36W,0.0398,36,N,W
559,N36Y,0.1482,36,N,Y
560,T37A,-0.0187,37,T,A
561,T37C,-0.1514,37,T,C
562,T37D,0.1962,37,T,D
563,T37E,0.1433,37,T,E
564,T37F,-0.0987,37,T,F
565,T37G,0.1604,37,T,G
566,T37H,-0.0453,37,T,H
567,T37I,-0.0187,37,T,I
568,T37K,-0.0727,37,T,K
569,T37L,0.0375,37,T,L
570,T37M,-0.0098,37,T,M
571,T37N,0.0694,37,T,N
572,T37P,0.016,37,T,P
573,T37Q,0.0778,37,T,Q
574,T37R,-0.1172,37,T,R
575,T37S,-0.0007,37,T,S
576,T37T,0.0,37,T,T
577,T37V,0.0959,37,T,V
578,T37W,-0.1912,37,T,W
579,T37Y,-0.1306,37,T,Y
580,A38A,0.0,38,A,A
581,A38C,0.0571,38,A,C
582,A38D,0.5029,38,A,D
583,A38E,0.4803,38,A,E
584,A38F,0.3739,38,A,F
585,A38G,0.3071,38,A,G
586,A38H,0.4689,38,A,H
587,A38I,0.1909,38,A,I
588,A38K,0.2892,38,A,K
589,A38L,0.1732,38,A,L
590,A38M,0.2173,38,A,M
591,A38N,0.462,38,A,N
592,A38P,0.3325,38,A,P
593,A38Q,0.3482,38,A,Q
594,A38R,0.3214,38,A,R
595,A38S,0.3022,38,A,S
596,A38T,0.386,38,A,T
597,A38V,0.1637,38,A,V
598,A38W,0.203,38,A,W
599,A38Y,0.4374,38,A,Y
600,V39A,-0.1203,39,V,A
601,V39C,-0.264,39,V,C
602,V39D,0.0792,39,V,D
603,V39E,0.0719,39,V,E
604,V39F,-0.0022,39,V,F
605,V39G,0.1006,39,V,G
606,V39H,0.1331,39,V,H
607,V39I,-0.0801,39,V,I
608,V39K,0.0813,39,V,K
609,V39L,-0.1124,39,V,L
610,V39M,-0.0589,39,V,M
611,V39N,0.1324,39,V,N
612,V39P,0.3926,39,V,P
613,V39Q,0.0655,39,V,Q
614,V39R,0.1566,39,V,R
615,V39S,0.0227,39,V,S
616,V39T,0.0498,39,V,T
617,V39V,0.0,39,V,V
618,V39W,-0.0655,39,V,W
619,V39Y,0.0397,39,V,Y
620,A40A,0.0,40,A,A
621,A40C,-0.014,40,A,C
622,A40D,0.498,40,A,D
623,A40E,0.1921,40,A,E
624,A40F,0.2455,40,A,F
625,A40G,0.4193,40,A,G
626,A40H,0.2662,40,A,H
627,A40I,0.0682,40,A,I
628,A40K,-0.0361,40,A,K
629,A40L,0.08,40,A,L
630,A40M,0.0955,40,A,M
631,A40N,0.3851,40,A,N
632,A40P,0.7252,40,A,P
633,A40Q,0.1033,40,A,Q
634,A40R,0.0173,40,A,R
635,A40S,0.2403,40,A,S
636,A40T,0.2731,40,A,T
637,A40V,0.1037,40,A,V
638,A40W,0.1621,40,A,W
639,A40Y,0.2492,40,A,Y
640,K41A,0.2358,41,K,A
641,K41C,0.1939,41,K,C
642,K41D,1.0994,41,K,D
643,K41E,0.869,41,K,E
644,K41F,0.2642,41,K,F
645,K41G,0.6298,41,K,G
646,K41H,0.4528,41,K,H
647,K41I,0.1116,41,K,I
648,K41K,0.0,41,K,K
649,K41L,0.2631,41,K,L
650,K41M,0.2354,41,K,M
651,K41N,0.6902,41,K,N
652,K41P,0.6299,41,K,P
653,K41Q,0.3846,41,K,Q
654,K41R,-0.0209,41,K,R
655,K41S,0.5048,41,K,S
656,K41T,0.5141,41,K,T
657,K41V,0.1844,41,K,V
658,K41W,0.3439,41,K,W
659,K41Y,0.2985,41,K,Y
660,C42A,0.2403,42,C,A
661,C42C,0.0,42,C,C
662,C42D,1.0375,42,C,D
663,C42E,1.0911,42,C,E
664,C42F,-0.0512,42,C,F
665,C42G,0.6383,42,C,G
666,C42H,0.6646,42,C,H
667,C42I,0.0627,42,C,I
668,C42K,0.8428,42,C,K
669,C42L,0.1984,42,C,L
670,C42M,0.1851,42,C,M
671,C42N,0.9545,42,C,N
672,C42P,0.8677,42,C,P
673,C42Q,0.8678,42,C,Q
674,C42R,0.799,42,C,R
675,C42S,0.6233,42,C,S
676,C42T,0.5753,42,C,T
677,C42V,0.2291,42,C,V
678,C42W,-0.0081,42,C,W
679,C42Y,0.1042,42,C,Y
680,N43A,-0.0071,43,N,A
681,N43C,-0.155,43,N,C
682,N43D,0.1591,43,N,D
683,N43E,0.1248,43,N,E
684,N43F,0.0097,43,N,F
685,N43G,0.1291,43,N,G
686,N43H,0.0666,43,N,H
687,N43I,0.0633,43,N,I
688,N43K,0.0862,43,N,K
689,N43L,-0.023,43,N,L
690,N43M,0.026,43,N,M
691,N43N,0.0,43,N,N
692,N43P,0.2957,43,N,P
693,N43Q,0.1338,43,N,Q
694,N43R,0.0871,43,N,R
695,N43S,-0.0378,43,N,S
696,N43T,-0.0417,43,N,T
697,N43V,0.0999,43,N,V
698,N43W,-0.0293,43,N,W
699,N43Y,0.046,43,N,Y
700,L44A,-0.0679,44,L,A
701,L44C,-0.1484,44,L,C
702,L44D,0.172,44,L,D
703,L44E,0.1031,44,L,E
704,L44F,0.0157,44,L,F
705,L44G,0.0686,44,L,G
706,L44H,-0.0384,44,L,H
707,L44I,0.0404,44,L,I
708,L44K,-0.1143,44,L,K
709,L44L,0.0,44,L,L
710,L44M,0.0723,44,L,M
711,L44N,0.0177,44,L,N
712,L44P,0.1412,44,L,P
713,L44Q,0.0304,44,L,Q
714,L44R,-0.0905,44,L,R
715,L44S,-0.1299,44,L,S
716,L44T,-0.1734,44,L,T
717,L44V,0.0955,44,L,V
718,L44W,0.02,44,L,W
719,L44Y,-0.0258,44,L,Y
720,N45A,0.0322,45,N,A
721,N45C,-0.0684,45,N,C
722,N45D,0.0079,45,N,D
723,N45E,0.0632,45,N,E
724,N45F,0.286,45,N,F
725,N45G,0.2051,45,N,G
726,N45H,0.1188,45,N,H
727,N45I,0.3305,45,N,I
728,N45K,0.1957,45,N,K
729,N45L,0.1764,45,N,L
730,N45M,0.305,45,N,M
731,N45N,0.0,45,N,N
732,N45P,0.0192,45,N,P
733,N45Q,0.1842,45,N,Q
734,N45R,0.2753,45,N,R
735,N45S,0.0285,45,N,S
736,N45T,0.1406,45,N,T
737,N45V,0.274,45,N,V
738,N45W,0.2614,45,N,W
739,N45Y,0.3017,45,N,Y
740,H46A,0.1846,46,H,A
741,H46C,0.0447,46,H,C
742,H46D,0.6325,46,H,D
743,H46E,0.4981,46,H,E
744,H46F,0.1346,46,H,F
745,H46G,0.4437,46,H,G
746,H46H,0.0,46,H,H
747,H46I,0.1581,46,H,I
748,H46K,0.0323,46,H,K
749,H46L,0.1821,46,H,L
750,H46M,0.2185,46,H,M
751,H46N,0.3067,46,H,N
752,H46P,0.2663,46,H,P
753,H46Q,0.288,46,H,Q
754,H46R,-0.0564,46,H,R
755,H46S,0.2073,46,H,S
756,H46T,0.1595,46,H,T
757,H46V,0.2908,46,H,V
758,H46W,0.07,46,H,W
759,H46Y,-0.0281,46,H,Y
760,D47A,-0.1828,47,D,A
761,D47C,-0.4996,47,D,C
762,D47D,0.0,47,D,D
763,D47E,-0.263,47,D,E
764,D47F,-0.6214,47,D,F
765,D47G,-0.3324,47,D,G
766,D47H,-0.3151,47,D,H
767,D47I,-0.3513,47,D,I
768,D47K,-0.16,47,D,K
769,D47L,-0.2951,47,D,L
770,D47M,-0.112,47,D,M
771,D47N,-0.0519,47,D,N
772,D47P,0.0992,47,D,P
773,D47Q,-0.0687,47,D,Q
774,D47R,-0.1356,47,D,R
775,D47S,-0.2408,47,D,S
776,D47T,-0.4564,47,D,T
777,D47V,-0.3714,47,D,V
778,D47W,-0.637,47,D,W
779,D47Y,-0.8598,47,D,Y
780,S48A,-0.1027,48,S,A
781,S48C,-0.3062,48,S,C
782,S48D,0.3096,48,S,D
783,S48E,0.2128,48,S,E
784,S48F,-0.0995,48,S,F
785,S48G,0.1567,48,S,G
786,S48H,-0.1049,48,S,H
787,S48I,-0.0606,48,S,I
788,S48K,-0.5443,48,S,K
789,S48L,-0.0844,48,S,L
790,S48M,-0.1222,48,S,M
791,S48N,0.0215,48,S,N
792,S48P,-0.2382,48,S,P
793,S48Q,-0.0724,48,S,Q
794,S48R,-0.5707,48,S,R
795,S48S,0.0,48,S,S
796,S48T,0.0907,48,S,T
797,S48V,0.0443,48,S,V
798,S48W,-0.3878,48,S,W
799,S48Y,-0.1973,48,S,Y
800,E49A,0.2735,49,E,A
801,E49C,0.0578,49,E,C
802,E49D,0.4532,49,E,D
803,E49E,0.0,49,E,E
804,E49F,0.2952,49,E,F
805,E49G,0.5552,49,E,G
806,E49H,0.4426,49,E,H
807,E49I,0.2207,49,E,I
808,E49K,0.5413,49,E,K
809,E49L,0.3658,49,E,L
810,E49M,0.3637,49,E,M
811,E49N,0.624,49,E,N
812,E49P,0.8662,49,E,P
813,E49Q,0.3899,49,E,Q
814,E49R,0.5323,49,E,R
815,E49S,0.4569,49,E,S
816,E49T,0.4176,49,E,T
817,E49V,0.3275,49,E,V
818,E49W,0.2807,49,E,W
819,E49Y,0.3411,49,E,Y
820,F50A,0.6184,50,F,A
821,F50C,0.1431,50,F,C
822,F50D,1.1841,50,F,D
823,F50E,0.9767,50,F,E
824,F50F,0.0,50,F,F
825,F50G,0.996,50,F,G
826,F50H,0.5629,50,F,H
827,F50I,0.2635,50,F,I
828,F50K,0.3913,50,F,K
829,F50L,0.2004,50,F,L
830,F50M,0.2483,50,F,M
831,F50N,0.819,50,F,N
832,F50P,0.9656,50,F,P
833,F50Q,0.6247,50,F,Q
834,F50R,0.3849,50,F,R
835,F50S,0.7473,50,F,S
836,F50T,0.616,50,F,T
837,F50V,0.3673,50,F,V
838,F50W,-0.2775,50,F,W
839,F50Y,-0.027,50,F,Y
840,C51A,0.3727,51,C,A
841,C51C,0.0,51,C,C
842,C51D,1.0454,51,C,D
843,C51E,0.8561,51,C,E
844,C51F,0.0348,51,C,F
845,C51G,0.8695,51,C,G
846,C51H,0.701,51,C,H
847,C51I,-0.409,51,C,I
848,C51K,0.7333,51,C,K
849,C51L,-0.3632,51,C,L
850,C51M,0.1023,51,C,M
851,C51N,0.9711,51,C,N
852,C51P,1.1119,51,C,P
853,C51Q,0.9172,51,C,Q
854,C51R,0.7154,51,C,R
855,C51S,0.8248,51,C,S
856,C51T,0.6882,51,C,T
857,C51V,-0.2967,51,C,V
858,C51W,0.1454,51,C,W
859,C51Y,0.1289,51,C,Y
860,D52A,-0.1722,52,D,A
861,D52C,-0.3457,52,D,C
862,D52D,0.0,52,D,D
863,D52E,-0.2277,52,D,E
864,D52F,-0.1655,52,D,F
865,D52G,0.3866,52,D,G
866,D52H,-0.0906,52,D,H
867,D52I,-0.2216,52,D,I
868,D52K,-0.0493,52,D,K
869,D52L,-0.1288,52,D,L
870,D52M,-0.0809,52,D,M
871,D52N,0.163,52,D,N
872,D52P,1.1425,52,D,P
873,D52Q,-0.1029,52,D,Q
874,D52R,-0.0905,52,D,R
875,D52S,0.027,52,D,S
876,D52T,-0.0024,52,D,T
877,D52V,-0.225,52,D,V
878,D52W,-0.3185,52,D,W
879,D52Y,-0.2775,52,D,Y
880,M53A,0.2687,53,M,A
881,M53C,-0.0273,53,M,C
882,M53D,1.0414,53,M,D
883,M53E,0.7336,53,M,E
884,M53F,-0.0624,53,M,F
885,M53G,0.9401,53,M,G
886,M53H,0.3445,53,M,H
887,M53I,0.0476,53,M,I
888,M53K,0.1685,53,M,K
889,M53L,-0.0003,53,M,L
890,M53M,0.0,53,M,M
891,M53N,0.6465,53,M,N
892,M53P,1.4999,53,M,P
893,M53Q,0.3684,53,M,Q
894,M53R,0.0908,53,M,R
895,M53S,0.5479,53,M,S
896,M53T,0.4735,53,M,T
897,M53V,0.1626,53,M,V
898,M53W,-0.2055,53,M,W
899,M53Y,-0.162,53,M,Y
900,L54A,0.3673,54,L,A
901,L54C,0.1577,54,L,C
902,L54D,1.1251,54,L,D
903,L54E,0.969,54,L,E
904,L54F,0.1762,54,L,F
905,L54G,0.8281,54,L,G
906,L54H,0.7111,54,L,H
907,L54I,0.0161,54,L,I
908,L54K,0.688,54,L,K
909,L54L,0.0,54,L,L
910,L54M,0.2186,54,L,M
911,L54N,0.8463,54,L,N
912,L54P,1.1123,54,L,P
913,L54Q,0.7814,54,L,Q
914,L54R,0.7551,54,L,R
915,L54S,0.6786,54,L,S
916,L54T,0.5281,54,L,T
917,L54V,0.1335,54,L,V
918,L54W,0.1442,54,L,W
919,L54Y,0.2095,54,L,Y
920,R55A,0.138,55,R,A
921,R55C,-0.2884,55,R,C
922,R55D,0.6858,55,R,D
923,R55E,0.3055,55,R,E
924,R55F,-0.309,55,R,F
925,R55G,0.6337,55,R,G
926,R55H,0.0686,55,R,H
927,R55I,-0.4138,55,R,I
928,R55K,0.0778,55,R,K
929,R55L,-0.2903,55,R,L
930,R55M,-0.1443,55,R,M
931,R55N,0.4378,55,R,N
932,R55P,1.1158,55,R,P
933,R55Q,0.172,55,R,Q
934,R55R,0.0,55,R,R
935,R55S,0.2429,55,R,S
936,R55T,0.0554,55,R,T
937,R55V,-0.331,55,R,V
938,R55W,-0.4003,55,R,W
939,R55Y,-0.4093,55,R,Y
940,L56A,0.1033,56,L,A
941,L56C,-0.0344,56,L,C
942,L56D,0.5795,56,L,D
943,L56E,0.228,56,L,E
944,L56F,0.0884,56,L,F
945,L56G,0.6831,56,L,G
946,L56H,0.1712,56,L,H
947,L56I,-0.186,56,L,I
948,L56K,0.064,56,L,K
949,L56L,0.0,56,L,L
950,L56M,0.0525,56,L,M
951,L56N,0.4148,56,L,N
952,L56P,1.2175,56,L,P
953,L56Q,0.1453,56,L,Q
954,L56R,-0.0114,56,L,R
955,L56S,0.1748,56,L,S
956,L56T,-0.0171,56,L,T
957,L56V,-0.021,56,L,V
958,L56W,0.0206,56,L,W
959,L56Y,-0.0168,56,L,Y
960,F57A,0.8133,57,F,A
961,F57C,0.3616,57,F,C
962,F57D,1.5063,57,F,D
963,F57E,1.2831,57,F,E
964,F57F,0.0,57,F,F
965,F57G,1.2523,57,F,G
966,F57H,0.7682,57,F,H
967,F57I,0.2845,57,F,I
968,F57K,0.8905,57,F,K
969,F57L,0.1711,57,F,L
970,F57M,0.3773,57,F,M
971,F57N,1.2007,57,F,N
972,F57P,1.4779,57,F,P
973,F57Q,1.0255,57,F,Q
974,F57R,0.8355,57,F,R
975,F57S,1.2458,57,F,S
976,F57T,1.2133,57,F,T
977,F57V,0.6052,57,F,V
978,F57W,-0.0023,57,F,W
979,F57Y,0.0091,57,F,Y
980,D58A,-0.2967,58,D,A
981,D58C,-0.5229,58,D,C
982,D58D,0.0,58,D,D
983,D58E,-0.3098,58,D,E
984,D58F,-0.6313,58,D,F
985,D58G,0.0516,58,D,G
986,D58H,-0.1378,58,D,H
987,D58I,0.1047,58,D,I
988,D58K,0.3452,58,D,K
989,D58L,-0.1222,58,D,L
990,D58M,-0.3851,58,D,M
991,D58N,0.2902,58,D,N
992,D58P,1.5014,58,D,P
993,D58Q,-0.131,58,D,Q
994,D58R,0.1951,58,D,R
995,D58S,0.106,58,D,S
996,D58T,0.2985,58,D,T
997,D58V,0.1251,58,D,V
998,D58W,-0.6844,58,D,W
999,D58Y,-0.7143,58,D,Y
1000,Y59A,0.679,59,Y,A
1001,Y59C,0.1991,59,Y,C
1002,Y59D,0.8939,59,Y,D
1003,Y59E,0.5811,59,Y,E
1004,Y59F,0.1003,59,Y,F
1005,Y59G,1.1139,59,Y,G
1006,Y59H,0.5784,59,Y,H
1007,Y59I,0.1867,59,Y,I
1008,Y59K,0.6288,59,Y,K
1009,Y59L,0.2017,59,Y,L
1010,Y59M,0.2885,59,Y,M
1011,Y59N,0.9457,59,Y,N
1012,Y59P,1.5006,59,Y,P
1013,Y59Q,0.638,59,Y,Q
1014,Y59R,0.5613,59,Y,R
1015,Y59S,0.8643,59,Y,S
1016,Y59T,0.711,59,Y,T
1017,Y59V,0.484,59,Y,V
1018,Y59W,0.0085,59,Y,W
1019,Y59Y,0.0,59,Y,Y
1020,N60A,-0.0709,60,N,A
1021,N60C,-0.6242,60,N,C
1022,N60D,0.4302,60,N,D
1023,N60E,0.1891,60,N,E
1024,N60F,-0.4139,60,N,F
1025,N60G,0.4218,60,N,G
1026,N60H,-0.2895,60,N,H
1027,N60I,-0.5562,60,N,I
1028,N60K,-0.0138,60,N,K
1029,N60L,-0.3704,60,N,L
1030,N60M,-0.21,60,N,M
1031,N60N,0.0,60,N,N
1032,N60P,1.1059,60,N,P
1033,N60Q,0.0666,60,N,Q
1034,N60R,-0.0095,60,N,R
1035,N60S,0.014,60,N,S
1036,N60T,-0.2498,60,N,T
1037,N60V,-0.4681,60,N,V
1038,N60W,-0.487,60,N,W
1039,N60Y,-0.6183,60,N,Y
1040,K61A,0.4901,61,K,A
1041,K61C,0.3819,61,K,C
1042,K61D,1.7061,61,K,D
1043,K61E,1.0383,61,K,E
1044,K61F,0.7708,61,K,F
1045,K61G,1.2003,61,K,G
1046,K61H,0.8128,61,K,H
1047,K61I,0.2078,61,K,I
1048,K61K,0.0,61,K,K
1049,K61L,-0.0169,61,K,L
1050,K61M,0.1224,61,K,M
1051,K61N,0.9605,61,K,N
1052,K61P,1.8839,61,K,P
1053,K61Q,0.3763,61,K,Q
1054,K61R,-0.0414,61,K,R
1055,K61S,0.725,61,K,S
1056,K61T,0.5935,61,K,T
1057,K61V,0.2829,61,K,V
1058,K61W,0.7139,61,K,W
1059,K61Y,0.7657,61,K,Y
1060,N62A,-0.1918,62,N,A
1061,N62C,-0.3427,62,N,C
1062,N62D,0.088,62,N,D
1063,N62E,-0.2636,62,N,E
1064,N62F,-0.0559,62,N,F
1065,N62G,0.4002,62,N,G
1066,N62H,-0.0061,62,N,H
1067,N62I,-0.1575,62,N,I
1068,N62K,-0.1355,62,N,K
1069,N62L,-0.2671,62,N,L
1070,N62M,-0.2043,62,N,M
1071,N62N,0.0,62,N,N
1072,N62P,1.461,62,N,P
1073,N62Q,-0.1622,62,N,Q
1074,N62R,-0.1212,62,N,R
1075,N62S,0.0151,62,N,S
1076,N62T,-0.0032,62,N,T
1077,N62V,-0.0912,62,N,V
1078,N62W,-0.1522,62,N,W
1079,N62Y,-0.1148,62,N,Y
1080,A63A,0.0,63,A,A
1081,A63C,-0.2339,63,A,C
1082,A63D,0.5198,63,A,D
1083,A63E,0.2052,63,A,E
1084,A63F,-0.0202,63,A,F
1085,A63G,0.5293,63,A,G
1086,A63H,0.0815,63,A,H
1087,A63I,-0.1601,63,A,I
1088,A63K,0.0201,63,A,K
1089,A63L,-0.1065,63,A,L
1090,A63M,0.0019,63,A,M
1091,A63N,0.2512,63,A,N
1092,A63P,1.0661,63,A,P
1093,A63Q,0.1228,63,A,Q
1094,A63R,0.0647,63,A,R
1095,A63S,0.2302,63,A,S
1096,A63T,0.1325,63,A,T
1097,A63V,-0.1251,63,A,V
1098,A63W,-0.0701,63,A,W
1099,A63Y,-0.0972,63,A,Y
1100,I64A,0.9903,64,I,A
1101,I64C,0.5447,64,I,C
1102,I64D,1.692,64,I,D
1103,I64E,1.35,64,I,E
1104,I64F,0.3718,64,I,F
1105,I64G,1.664,64,I,G
1106,I64H,0.9539,64,I,H
1107,I64I,0.0,64,I,I
1108,I64K,1.1195,64,I,K
1109,I64L,0.1821,64,I,L
1110,I64M,0.4771,64,I,M
1111,I64N,1.4607,64,I,N
1112,I64P,2.0729,64,I,P
1113,I64Q,1.193,64,I,Q
1114,I64R,1.0798,64,I,R
1115,I64S,1.3848,64,I,S
1116,I64T,1.1766,64,I,T
1117,I64V,0.4436,64,I,V
1118,I64W,0.2527,64,I,W
1119,I64Y,0.2377,64,I,Y
1120,K65A,0.0415,65,K,A
1121,K65C,-0.0014,65,K,C
1122,K65D,0.6582,65,K,D
1123,K65E,0.3033,65,K,E
1124,K65F,0.0576,65,K,F
1125,K65G,0.598,65,K,G
1126,K65H,0.3408,65,K,H
1127,K65I,-0.1593,65,K,I
1128,K65K,0.0,65,K,K
1129,K65L,-0.2385,65,K,L
1130,K65M,-0.1346,65,K,M
1131,K65N,0.4621,65,K,N
1132,K65P,1.0683,65,K,P
1133,K65Q,0.1317,65,K,Q
1134,K65R,-0.0133,65,K,R
1135,K65S,0.3064,65,K,S
1136,K65T,0.2408,65,K,T
1137,K65V,-0.0008,65,K,V
1138,K65W,0.0367,65,K,W
1139,K65Y,0.1191,65,K,Y
1140,T66A,-0.194,66,T,A
1141,T66C,-0.2147,66,T,C
1142,T66D,0.0196,66,T,D
1143,T66E,-0.1914,66,T,E
1144,T66F,0.0235,66,T,F
1145,T66G,0.1918,66,T,G
1146,T66H,0.0522,66,T,H
1147,T66I,-0.0548,66,T,I
1148,T66K,-0.0055,66,T,K
1149,T66L,-0.125,66,T,L
1150,T66M,-0.0798,66,T,M
1151,T66N,0.0847,66,T,N
1152,T66P,0.8439,66,T,P
1153,T66Q,-0.037,66,T,Q
1154,T66R,0.0031,66,T,R
1155,T66S,-0.029,66,T,S
1156,T66T,0.0,66,T,T
1157,T66V,0.0308,66,T,V
1158,T66W,-0.0672,66,T,W
1159,T66Y,-0.0378,66,T,Y
1160,L67A,-0.0578,67,L,A
1161,L67C,-0.1318,67,L,C
1162,L67D,0.2981,67,L,D
1163,L67E,0.0856,67,L,E
1164,L67F,-0.0494,67,L,F
1165,L67G,0.3037,67,L,G
1166,L67H,0.1025,67,L,H
1167,L67I,-0.1018,67,L,I
1168,L67K,0.0689,67,L,K
1169,L67L,0.0,67,L,L
1170,L67M,0.0203,67,L,M
1171,L67N,0.2591,67,L,N
1172,L67P,0.7631,67,L,P
1173,L67Q,0.1099,67,L,Q
1174,L67R,0.0108,67,L,R
1175,L67S,-0.0042,67,L,S
1176,L67T,-0.0123,67,L,T
1177,L67V,-0.0137,67,L,V
1178,L67W,-0.095,67,L,W
1179,L67Y,-0.0615,67,L,Y
1180,V75A,0.0794,75,V,A
1181,V75C,-0.1705,75,V,C
1182,V75D,0.1242,75,V,D
1183,V75E,0.1709,75,V,E
1184,V75F,0.0302,75,V,F
1185,V75G,0.2397,75,V,G
1186,V75H,0.1164,75,V,H
1187,V75I,0.0626,75,V,I
1188,V75K,0.2706,75,V,K
1189,V75L,-0.0062,75,V,L
1190,V75M,0.072,75,V,M
1191,V75N,0.1685,75,V,N
1192,V75P,0.2484,75,V,P
1193,V75Q,0.2156,75,V,Q
1194,V75R,0.2671,75,V,R
1195,V75S,0.1753,75,V,S
1196,V75T,0.109,75,V,T
1197,V75V,0.0,75,V,V
1198,V75W,-0.0395,75,V,W
1199,V75Y,0.0723,75,V,Y
1200,N76A,0.1741,76,N,A
1201,N76C,0.0447,76,N,C
1202,N76D,0.3035,76,N,D
1203,N76E,0.286,76,N,E
1204,N76F,0.2808,76,N,F
1205,N76G,0.4016,76,N,G
1206,N76H,0.1272,76,N,H
1207,N76I,0.3095,76,N,I
1208,N76K,0.1647,76,N,K
1209,N76L,0.1393,76,N,L
1210,N76M,0.2583,76,N,M
1211,N76N,0.0,76,N,N
1212,N76P,0.5754,76,N,P
1213,N76Q,0.2386,76,N,Q
1214,N76R,0.2059,76,N,R
1215,N76S,0.1363,76,N,S
1216,N76T,0.2376,76,N,T
1217,N76V,0.2614,76,N,V
1218,N76W,0.2282,76,N,W
1219,N76Y,0.2159,76,N,Y
1220,L77A,-0.048,77,L,A
1221,L77C,-0.1644,77,L,C
1222,L77D,0.1292,77,L,D
1223,L77E,0.0194,77,L,E
1224,L77F,-0.0936,77,L,F
1225,L77G,0.2185,77,L,G
1226,L77H,-0.0642,77,L,H
1227,L77I,-0.0658,77,L,I
1228,L77K,-0.0296,77,L,K
1229,L77L,0.0,77,L,L
1230,L77M,0.0374,77,L,M
1231,L77N,0.1458,77,L,N
1232,L77P,0.3631,77,L,P
1233,L77Q,-0.0115,77,L,Q
1234,L77R,-0.0447,77,L,R
1235,L77S,-0.0081,77,L,S
1236,L77T,-0.011,77,L,T
1237,L77V,-0.038,77,L,V
1238,L77W,-0.139,77,L,W
1239,L77Y,-0.1117,77,L,Y
1240,M78A,0.2248,78,M,A
1241,M78C,-0.2002,78,M,C
1242,M78D,0.7115,78,M,D
1243,M78E,0.5397,78,M,E
1244,M78F,-0.0361,78,M,F
1245,M78G,0.6209,78,M,G
1246,M78H,0.2557,78,M,H
1247,M78I,-0.0216,78,M,I
1248,M78K,0.4055,78,M,K
1249,M78L,-0.0179,78,M,L
1250,M78M,0.0,78,M,M
1251,M78N,0.4805,78,M,N
1252,M78P,0.8848,78,M,P
1253,M78Q,0.4294,78,M,Q
1254,M78R,0.3907,78,M,R
1255,M78S,0.5195,78,M,S
1256,M78T,0.4708,78,M,T
1257,M78V,0.1299,78,M,V
1258,M78W,-0.2171,78,M,W
1259,M78Y,-0.0897,78,M,Y
1260,G79A,-0.5308,79,G,A
1261,G79C,-0.7168,79,G,C
1262,G79D,-0.4003,79,G,D
1263,G79E,-0.2214,79,G,E
1264,G79F,-0.6656,79,G,F
1265,G79G,0.0,79,G,G
1266,G79H,-0.3893,79,G,H
1267,G79I,-0.3491,79,G,I
1268,G79K,-0.085,79,G,K
1269,G79L,-0.6116,79,G,L
1270,G79M,-0.65,79,G,M
1271,G79N,-0.507,79,G,N
1272,G79P,1.6326,79,G,P
1273,G79Q,-0.2995,79,G,Q
1274,G79R,-0.3395,79,G,R
1275,G79S,-0.2324,79,G,S
1276,G79T,-0.2019,79,G,T
1277,G79V,-0.3236,79,G,V
1278,G79W,-0.3479,79,G,W
1279,G79Y,-0.5023,79,G,Y
1280,Q80A,-0.2604,80,Q,A
1281,Q80C,-0.3421,80,Q,C
1282,Q80D,0.1726,80,Q,D
1283,Q80E,-0.1319,80,Q,E
1284,Q80F,-0.0664,80,Q,F
1285,Q80G,0.1669,80,Q,G
1286,Q80H,-0.0325,80,Q,H
1287,Q80I,-0.1139,80,Q,I
1288,Q80K,-0.0643,80,Q,K
1289,Q80L,-0.0551,80,Q,L
1290,Q80M,-0.038,80,Q,M
1291,Q80N,0.0948,80,Q,N
1292,Q80P,0.9316,80,Q,P
1293,Q80Q,0.0,80,Q,Q
1294,Q80R,-0.0833,80,Q,R
1295,Q80S,-0.1221,80,Q,S
1296,Q80T,-0.0606,80,Q,T
1297,Q80V,0.0003,80,Q,V
1298,Q80W,-0.0555,80,Q,W
1299,Q80Y,-0.1002,80,Q,Y
1300,T81A,0.152,81,T,A
1301,T81C,-0.2748,81,T,C
1302,T81D,0.6257,81,T,D
1303,T81E,0.2868,81,T,E
1304,T81F,-0.1477,81,T,F
1305,T81G,0.5369,81,T,G
1306,T81H,0.0319,81,T,H
1307,T81I,-0.3249,81,T,I
1308,T81K,0.2848,81,T,K
1309,T81L,-0.097,81,T,L
1310,T81M,0.0229,81,T,M
1311,T81N,0.3494,81,T,N
1312,T81P,1.17,81,T,P
1313,T81Q,0.3297,81,T,Q
1314,T81R,0.2998,81,T,R
1315,T81S,0.2239,81,T,S
1316,T81T,0.0,81,T,T
1317,T81V,-0.0855,81,T,V
1318,T81W,-0.1383,81,T,W
1319,T81Y,-0.2868,81,T,Y
1320,I82A,1.0775,82,I,A
1321,I82C,0.5245,82,I,C
1322,I82D,2.2181,82,I,D
1323,I82E,1.781,82,I,E
1324,I82F,0.37,82,I,F
1325,I82G,2.0265,82,I,G
1326,I82H,1.1172,82,I,H
1327,I82I,0.0,82,I,I
1328,I82K,1.3319,82,I,K
1329,I82L,0.293,82,I,L
1330,I82M,0.5895,82,I,M
1331,I82N,1.7236,82,I,N
1332,I82P,2.2693,82,I,P
1333,I82Q,1.4842,82,I,Q
1334,I82R,1.2431,82,I,R
1335,I82S,1.5816,82,I,S
1336,I82T,1.2209,82,I,T
1337,I82V,0.3809,82,I,V
1338,I82W,0.2755,82,I,W
1339,I82Y,0.2124,82,I,Y
1340,N83A,0.7259,83,N,A
1341,N83C,0.4667,83,N,C
1342,N83D,1.2572,83,N,D
1343,N83E,1.3348,83,N,E
1344,N83F,1.12,83,N,F
1345,N83G,1.1922,83,N,G
1346,N83H,0.5129,83,N,H
1347,N83I,1.2276,83,N,I
1348,N83K,0.6218,83,N,K
1349,N83L,0.8541,83,N,L
1350,N83M,0.871,83,N,M
1351,N83N,0.0,83,N,N
1352,N83P,2.3807,83,N,P
1353,N83Q,0.9683,83,N,Q
1354,N83R,0.4525,83,N,R
1355,N83S,0.5772,83,N,S
1356,N83T,1.092,83,N,T
1357,N83V,1.0571,83,N,V
1358,N83W,1.1151,83,N,W
1359,N83Y,0.9357,83,N,Y
1360,A84A,0.0,84,A,A
1361,A84C,-0.0506,84,A,C
1362,A84D,0.3368,84,A,D
1363,A84E,0.0339,84,A,E
1364,A84F,0.2554,84,A,F
1365,A84G,0.5709,84,A,G
1366,A84H,0.2346,84,A,H
1367,A84I,0.1737,84,A,I
1368,A84K,0.1222,84,A,K
1369,A84L,0.0547,84,A,L
1370,A84M,0.0813,84,A,M
1371,A84N,0.33,84,A,N
1372,A84P,1.8283,84,A,P
1373,A84Q,0.0532,84,A,Q
1374,A84R,0.1571,84,A,R
1375,A84S,0.2124,84,A,S
1376,A84T,0.2525,84,A,T
1377,A84V,0.2299,84,A,V
1378,A84W,0.1188,84,A,W
1379,A84Y,0.1542,84,A,Y
1380,L85A,0.4722,85,L,A
1381,L85C,0.1056,85,L,C
1382,L85D,1.4748,85,L,D
1383,L85E,1.1581,85,L,E
1384,L85F,0.0961,85,L,F
1385,L85G,1.0728,85,L,G
1386,L85H,0.6205,85,L,H
1387,L85I,0.0838,85,L,I
1388,L85K,0.7469,85,L,K
1389,L85L,0.0,85,L,L
1390,L85M,0.269,85,L,M
1391,L85N,1.0033,85,L,N
1392,L85P,1.7372,85,L,P
1393,L85Q,0.892,85,L,Q
1394,L85R,0.7453,85,L,R
1395,L85S,0.8925,85,L,S
1396,L85T,0.7382,85,L,T
1397,L85V,0.3778,85,L,V
1398,L85W,-0.0517,85,L,W
1399,L85Y,-0.0593,85,L,Y
1400,I86A,1.6791,86,I,A
1401,I86C,1.0629,86,I,C
1402,I86D,2.5789,86,I,D
1403,I86E,2.3041,86,I,E
1404,I86F,1.0927,86,I,F
1405,I86G,2.5291,86,I,G
1406,I86H,1.7677,86,I,H
1407,I86I,0.0,86,I,I
1408,I86K,1.9205,86,I,K
1409,I86L,0.3531,86,I,L
1410,I86M,0.9718,86,I,M
1411,I86N,2.123,86,I,N
1412,I86P,2.8508,86,I,P
1413,I86Q,2.0522,86,I,Q
1414,I86R,1.8267,86,I,R
1415,I86S,2.3049,86,I,S
1416,I86T,1.7622,86,I,T
1417,I86V,0.5108,86,I,V
1418,I86W,1.0381,86,I,W
1419,I86Y,0.9948,86,I,Y
1420,S87A,-0.3085,87,S,A
1421,S87C,-0.4199,87,S,C
1422,S87D,0.1622,87,S,D
1423,S87E,-0.3424,87,S,E
1424,S87F,-0.1855,87,S,F
1425,S87G,0.2876,87,S,G
1426,S87H,-0.1368,87,S,H
1427,S87I,-0.1295,87,S,I
1428,S87K,-0.1197,87,S,K
1429,S87L,-0.1414,87,S,L
1430,S87M,-0.1614,87,S,M
1431,S87N,0.1334,87,S,N
1432,S87P,2.0354,87,S,P
1433,S87Q,-0.1913,87,S,Q
1434,S87R,-0.1937,87,S,R
1435,S87S,0.0,87,S,S
1436,S87T,-0.0636,87,S,T
1437,S87V,-0.0567,87,S,V
1438,S87W,-0.2151,87,S,W
1439,S87Y,-0.3197,87,S,Y
1440,D88A,-0.4614,88,D,A
1441,D88C,-0.872,88,D,C
1442,D88D,0.0,88,D,D
1443,D88E,-0.3276,88,D,E
1444,D88F,-0.7725,88,D,F
1445,D88G,0.0504,88,D,G
1446,D88H,-0.345,88,D,H
1447,D88I,-0.7724,88,D,I
1448,D88K,-0.091,88,D,K
1449,D88L,-0.6658,88,D,L
1450,D88M,-0.5137,88,D,M
1451,D88N,0.0351,88,D,N
1452,D88P,1.0814,88,D,P
1453,D88Q,-0.1733,88,D,Q
1454,D88R,-0.1038,88,D,R
1455,D88S,-0.1205,88,D,S
1456,D88T,-0.2095,88,D,T
1457,D88V,-0.5969,88,D,V
1458,D88W,-0.8956,88,D,W
1459,D88Y,-0.8869,88,D,Y
1460,N89A,-0.5335,89,N,A
1461,N89C,-1.0144,89,N,C
1462,N89D,0.1741,89,N,D
1463,N89E,-0.1574,89,N,E
1464,N89F,-0.9981,89,N,F
1465,N89G,0.3469,89,N,G
1466,N89H,-0.3464,89,N,H
1467,N89I,-0.938,89,N,I
1468,N89K,-0.0263,89,N,K
1469,N89L,-1.0189,89,N,L
1470,N89M,-0.9395,89,N,M
1471,N89N,0.0,89,N,N
1472,N89P,1.6946,89,N,P
1473,N89Q,-0.2462,89,N,Q
1474,N89R,-0.1362,89,N,R
1475,N89S,-0.2109,89,N,S
1476,N89T,-0.4497,89,N,T
1477,N89V,-0.7238,89,N,V
1478,N89W,-1.0382,89,N,W
1479,N89Y,-1.071,89,N,Y
1480,L90A,2.1539,90,L,A
1481,L90C,1.3397,90,L,C
1482,L90D,2.7381,90,L,D
1483,L90E,2.3416,90,L,E
1484,L90F,1.9298,90,L,F
1485,L90G,2.7979,90,L,G
1486,L90H,2.5133,90,L,H
1487,L90I,0.7274,90,L,I
1488,L90K,2.2755,90,L,K
1489,L90L,0.0,90,L,L
1490,L90M,1.0534,90,L,M
1491,L90N,2.6108,90,L,N
1492,L90P,2.8602,90,L,P
1493,L90Q,2.3175,90,L,Q
1494,L90R,2.3139,90,L,R
1495,L90S,2.5515,90,L,S
1496,L90T,2.3488,90,L,T
1497,L90V,1.1835,90,L,V
1498,L90W,1.921,90,L,W
1499,L90Y,2.1481,90,L,Y
1500,L91A,-0.1083,91,L,A
1501,L91C,-0.076,91,L,C
1502,L91D,0.2016,91,L,D
1503,L91E,-0.094,91,L,E
1504,L91F,0.2138,91,L,F
1505,L91G,0.5271,91,L,G
1506,L91H,0.1927,91,L,H
1507,L91I,0.0523,91,L,I
1508,L91K,0.1558,91,L,K
1509,L91L,0.0,91,L,L
1510,L91M,0.0781,91,L,M
1511,L91N,0.3081,91,L,N
1512,L91P,1.6475,91,L,P
1513,L91Q,0.0924,91,L,Q
1514,L91R,0.0886,91,L,R
1515,L91S,0.1314,91,L,S
1516,L91T,0.1247,91,L,T
1517,L91V,0.1488,91,L,V
1518,L91W,0.0901,91,L,W
1519,L91Y,0.0886,91,L,Y
1520,M92A,0.4086,92,M,A
1521,M92C,0.1733,92,M,C
1522,M92D,1.5274,92,M,D
1523,M92E,1.0924,92,M,E
1524,M92F,0.2433,92,M,F
1525,M92G,1.3968,92,M,G
1526,M92H,0.5294,92,M,H
1527,M92I,-0.3504,92,M,I
1528,M92K,0.3468,92,M,K
1529,M92L,-0.225,92,M,L
1530,M92M,0.0,92,M,M
1531,M92N,0.9215,92,M,N
1532,M92P,1.9687,92,M,P
1533,M92Q,0.571,92,M,Q
1534,M92R,0.2799,92,M,R
1535,M92S,0.8401,92,M,S
1536,M92T,0.4576,92,M,T
1537,M92V,-0.051,92,M,V
1538,M92W,0.1109,92,M,W
1539,M92Y,0.0433,92,M,Y
1540,K93A,1.2073,93,K,A
1541,K93C,1.091,93,K,C
1542,K93D,2.4465,93,K,D
1543,K93E,1.8426,93,K,E
1544,K93F,1.2994,93,K,F
1545,K93G,1.8201,93,K,G
1546,K93H,1.0371,93,K,H
1547,K93I,1.2384,93,K,I
1548,K93K,0.0,93,K,K
1549,K93L,0.7298,93,K,L
1550,K93M,0.5949,93,K,M
1551,K93N,1.4176,93,K,N
1552,K93P,2.3599,93,K,P
1553,K93Q,0.5651,93,K,Q
1554,K93R,-0.2353,93,K,R
1555,K93S,1.5075,93,K,S
1556,K93T,1.4821,93,K,T
1557,K93V,1.3909,93,K,V
1558,K93W,1.3767,93,K,W
1559,K93Y,1.3629,93,K,Y
1560,N94A,-0.3785,94,N,A
1561,N94C,-0.4179,94,N,C
1562,N94D,0.1141,94,N,D
1563,N94E,-0.161,94,N,E
1564,N94F,0.0826,94,N,F
1565,N94G,0.1973,94,N,G
1566,N94H,0.011,94,N,H
1567,N94I,-0.0191,94,N,I
1568,N94K,-0.151,94,N,K
1569,N94L,-0.2195,94,N,L
1570,N94M,-0.2111,94,N,M
1571,N94N,0.0,94,N,N
1572,N94P,2.0303,94,N,P
1573,N94Q,-0.1652,94,N,Q
1574,N94R,-0.1489,94,N,R
1575,N94S,-0.1195,94,N,S
1576,N94T,0.1298,94,N,T
1577,N94V,0.0381,94,N,V
1578,N94W,-0.0802,94,N,W
1579,N94Y,-0.0223,94,N,Y
1580,K95A,-0.0074,95,K,A
1581,K95C,-0.3566,95,K,C
1582,K95D,0.6067,95,K,D
1583,K95E,0.2242,95,K,E
1584,K95F,-0.0878,95,K,F
1585,K95G,0.595,95,K,G
1586,K95H,-0.0898,95,K,H
1587,K95I,-0.1105,95,K,I
1588,K95K,0.0,95,K,K
1589,K95L,-0.2476,95,K,L
1590,K95M,-0.2089,95,K,M
1591,K95N,0.0663,95,K,N
1592,K95P,1.6477,95,K,P
1593,K95Q,0.0146,95,K,Q
1594,K95R,-0.0294,95,K,R
1595,K95S,-0.1317,95,K,S
1596,K95T,-0.3902,95,K,T
1597,K95V,-0.0145,95,K,V
1598,K95W,-0.1663,95,K,W
1599,K95Y,-0.2681,95,K,Y
1600,I96A,0.5966,96,I,A
1601,I96C,0.2463,96,I,C
1602,I96D,0.6366,96,I,D
1603,I96E,0.8372,96,I,E
1604,I96F,0.3872,96,I,F
1605,I96G,0.9393,96,I,G
1606,I96H,0.293,96,I,H
1607,I96I,0.0,96,I,I
1608,I96K,0.6098,96,I,K
1609,I96L,0.1725,96,I,L
1610,I96M,0.4972,96,I,M
1611,I96N,0.33,96,I,N
1612,I96P,1.3379,96,I,P
1613,I96Q,0.6778,96,I,Q
1614,I96R,0.5755,96,I,R
1615,I96S,0.3919,96,I,S
1616,I96T,0.1961,96,I,T
1617,I96V,0.231,96,I,V
1618,I96W,0.3908,96,I,W
1619,I96Y,0.2039,96,I,Y
1620,R97A,0.012,97,R,A
1621,R97C,-0.0877,97,R,C
1622,R97D,0.3123,97,R,D
1623,R97E,0.0132,97,R,E
1624,R97F,0.2505,97,R,F
1625,R97G,0.3676,97,R,G
1626,R97H,0.0502,97,R,H
1627,R97I,0.0648,97,R,I
1628,R97K,-0.0766,97,R,K
1629,R97L,0.1566,97,R,L
1630,R97M,0.1442,97,R,M
1631,R97N,0.1949,97,R,N
1632,R97P,-0.2403,97,R,P
1633,R97Q,-0.0299,97,R,Q
1634,R97R,0.0,97,R,R
1635,R97S,-0.0389,97,R,S
1636,R97T,0.0627,97,R,T
1637,R97V,0.1093,97,R,V
1638,R97W,0.2258,97,R,W
1639,R97Y,0.1743,97,R,Y
1640,E98A,0.1322,98,E,A
1641,E98C,-0.1126,98,E,C
1642,E98D,0.3565,98,E,D
1643,E98E,0.0,98,E,E
1644,E98F,0.2069,98,E,F
1645,E98G,0.4145,98,E,G
1646,E98H,0.2691,98,E,H
1647,E98I,0.2245,98,E,I
1648,E98K,0.4903,98,E,K
1649,E98L,0.2978,98,E,L
1650,E98M,0.3283,98,E,M
1651,E98N,0.4271,98,E,N
1652,E98P,0.6313,98,E,P
1653,E98Q,0.3782,98,E,Q
1654,E98R,0.499,98,E,R
1655,E98S,0.0889,98,E,S
1656,E98T,0.1306,98,E,T
1657,E98V,0.2623,98,E,V
1658,E98W,0.1852,98,E,W
1659,E98Y,0.1869,98,E,Y
1660,L99A,1.1003,99,L,A
1661,L99C,0.6199,99,L,C
1662,L99D,2.1007,99,L,D
1663,L99E,1.8996,99,L,E
1664,L99F,0.8685,99,L,F
1665,L99G,1.9389,99,L,G
1666,L99H,1.3346,99,L,H
1667,L99I,1.123,99,L,I
1668,L99K,1.6343,99,L,K
1669,L99L,0.0,99,L,L
1670,L99M,0.5798,99,L,M
1671,L99N,1.6742,99,L,N
1672,L99P,2.5081,99,L,P
1673,L99Q,1.5669,99,L,Q
1674,L99R,1.7161,99,L,R
1675,L99S,1.5885,99,L,S
1676,L99T,1.5621,99,L,T
1677,L99V,1.4792,99,L,V
1678,L99W,0.5576,99,L,W
1679,L99Y,0.7197,99,L,Y
1680,M100A,0.1934,100,M,A
1681,M100C,0.2046,100,M,C
1682,M100D,0.7939,100,M,D
1683,M100E,0.7746,100,M,E
1684,M100F,0.4508,100,M,F
1685,M100G,0.4826,100,M,G
1686,M100H,0.2929,100,M,H
1687,M100I,0.591,100,M,I
1688,M100K,-0.0424,100,M,K
1689,M100L,0.1849,100,M,L
1690,M100M,0.0,100,M,M
1691,M100N,0.2819,100,M,N
1692,M100P,1.7536,100,M,P
1693,M100Q,-0.064,100,M,Q
1694,M100R,0.1202,100,M,R
1695,M100S,0.3771,100,M,S
1696,M100T,0.7015,100,M,T
1697,M100V,0.6989,100,M,V
1698,M100W,0.5043,100,M,W
1699,M100Y,0.605,100,M,Y
1700,S101A,0.1129,101,S,A
1701,S101C,0.1054,101,S,C
1702,S101D,0.2753,101,S,D
1703,S101E,0.3383,101,S,E
1704,S101F,0.4522,101,S,F
1705,S101G,0.1586,101,S,G
1706,S101H,0.348,101,S,H
1707,S101I,0.4253,101,S,I
1708,S101K,0.3234,101,S,K
1709,S101L,0.3969,101,S,L
1710,S101M,0.4579,101,S,M
1711,S101N,0.2478,101,S,N
1712,S101P,0.4708,101,S,P
1713,S101Q,0.3826,101,S,Q
1714,S101R,0.3986,101,S,R
1715,S101S,0.0,101,S,S
1716,S101T,0.0828,101,S,T
1717,S101V,0.4362,101,S,V
1718,S101W,0.377,101,S,W
1719,S101Y,0.4095,101,S,Y
1720,V102A,1.6269,102,V,A
1721,V102C,0.6061,102,V,C
1722,V102D,2.0994,102,V,D
1723,V102E,1.5813,102,V,E
1724,V102F,0.9261,102,V,F
1725,V102G,2.2883,102,V,G
1726,V102H,1.4591,102,V,H
1727,V102I,-0.1618,102,V,I
1728,V102K,1.5695,102,V,K
1729,V102L,0.6674,102,V,L
1730,V102M,0.9878,102,V,M
1731,V102N,1.9313,102,V,N
1732,V102P,2.3179,102,V,P
1733,V102Q,1.4597,102,V,Q
1734,V102R,1.7331,102,V,R
1735,V102S,1.7898,102,V,S
1736,V102T,1.0386,102,V,T
1737,V102V,0.0,102,V,V
1738,V102W,1.0365,102,V,W
1739,V102Y,0.9698,102,V,Y
1740,P103A,1.0545,103,P,A
1741,P103C,0.7769,103,P,C
1742,P103D,1.5639,103,P,D
1743,P103E,1.2486,103,P,E
1744,P103F,1.4806,103,P,F
1745,P103G,1.4273,103,P,G
1746,P103H,1.3876,103,P,H
1747,P103I,1.4007,103,P,I
1748,P103K,1.0881,103,P,K
1749,P103L,1.3761,103,P,L
1750,P103M,1.2037,103,P,M
1751,P103N,1.3436,103,P,N
1752,P103P,0.0,103,P,P
1753,P103Q,1.1184,103,P,Q
1754,P103R,1.2671,103,P,R
1755,P103S,0.8754,103,P,S
1756,P103T,1.0441,103,P,T
1757,P103V,1.4003,103,P,V
1758,P103W,1.3565,103,P,W
1759,P103Y,1.4403,103,P,Y
1760,Y104A,1.1623,104,Y,A
1761,Y104C,0.6968,104,Y,C
1762,Y104D,0.8601,104,Y,D
1763,Y104E,0.7809,104,Y,E
1764,Y104F,0.3338,104,Y,F
1765,Y104G,1.6324,104,Y,G
1766,Y104H,0.9392,104,Y,H
1767,Y104I,1.0066,104,Y,I
1768,Y104K,1.6457,104,Y,K
1769,Y104L,1.1101,104,Y,L
1770,Y104M,1.1671,104,Y,M
1771,Y104N,1.2976,104,Y,N
1772,Y104P,1.5127,104,Y,P
1773,Y104Q,1.31,104,Y,Q
1774,Y104R,1.5306,104,Y,R
1775,Y104S,1.2266,104,Y,S
1776,Y104T,1.0151,104,Y,T
1777,Y104V,0.8724,104,Y,V
1778,Y104W,0.0798,104,Y,W
1779,Y104Y,0.0,104,Y,Y
1780,C105A,0.8131,105,C,A
1781,C105C,0.0,105,C,C
1782,C105D,2.1917,105,C,D
1783,C105E,1.984,105,C,E
1784,C105F,-0.5355,105,C,F
1785,C105G,2.1427,105,C,G
1786,C105H,1.1036,105,C,H
1787,C105I,0.3146,105,C,I
1788,C105K,1.9403,105,C,K
1789,C105L,0.832,105,C,L
1790,C105M,0.5868,105,C,M
1791,C105N,2.1088,105,C,N
1792,C105P,1.5985,105,C,P
1793,C105Q,1.7604,105,C,Q
1794,C105R,1.9324,105,C,R
1795,C105S,1.2601,105,C,S
1796,C105T,1.2765,105,C,T
1797,C105V,0.5065,105,C,V
1798,C105W,-0.0368,105,C,W
1799,C105Y,-0.2798,105,C,Y
1800,N106A,-0.0214,106,N,A
1801,N106C,-0.0454,106,N,C
1802,N106D,-0.048,106,N,D
1803,N106E,0.2434,106,N,E
1804,N106F,0.4551,106,N,F
1805,N106G,-0.0744,106,N,G
1806,N106H,0.3534,106,N,H
1807,N106I,0.5436,106,N,I
1808,N106K,0.2968,106,N,K
1809,N106L,0.4585,106,N,L
1810,N106M,0.4621,106,N,M
1811,N106N,0.0,106,N,N
1812,N106P,0.6705,106,N,P
1813,N106Q,0.4394,106,N,Q
1814,N106R,0.3636,106,N,R
1815,N106S,-0.1081,106,N,S
1816,N106T,-0.0165,106,N,T
1817,N106V,0.5878,106,N,V
1818,N106W,0.4666,106,N,W
1819,N106Y,0.4976,106,N,Y
1820,Y107A,0.1665,107,Y,A
1821,Y107C,0.0724,107,Y,C
1822,Y107D,0.3599,107,Y,D
1823,Y107E,0.2879,107,Y,E
1824,Y107F,0.1462,107,Y,F
1825,Y107G,0.4606,107,Y,G
1826,Y107H,0.2915,107,Y,H
1827,Y107I,0.4186,107,Y,I
1828,Y107K,0.4725,107,Y,K
1829,Y107L,0.3808,107,Y,L
1830,Y107M,0.3819,107,Y,M
1831,Y107N,0.4446,107,Y,N
1832,Y107P,0.5536,107,Y,P
1833,Y107Q,0.4678,107,Y,Q
1834,Y107R,0.44,107,Y,R
1835,Y107S,0.2476,107,Y,S
1836,Y107T,0.3429,107,Y,T
1837,Y107V,0.5681,107,Y,V
1838,Y107W,-0.0017,107,Y,W
1839,Y107Y,0.0,107,Y,Y
1840,T108A,-0.1504,108,T,A
1841,T108C,-0.2487,108,T,C
1842,T108D,0.1087,108,T,D
1843,T108E,-0.1856,108,T,E
1844,T108F,0.105,108,T,F
1845,T108G,0.1615,108,T,G
1846,T108H,0.1135,108,T,H
1847,T108I,0.3349,108,T,I
1848,T108K,0.2106,108,T,K
1849,T108L,0.1969,108,T,L
1850,T108M,0.1306,108,T,M
1851,T108N,0.1897,108,T,N
1852,T108P,1.5018,108,T,P
1853,T108Q,0.0598,108,T,Q
1854,T108R,0.2738,108,T,R
1855,T108S,-0.0036,108,T,S
1856,T108T,0.0,108,T,T
1857,T108V,0.2906,108,T,V
1858,T108W,-0.1286,108,T,W
1859,T108Y,-0.1445,108,T,Y
1860,K109A,-0.5648,109,K,A
1861,K109C,-0.5401,109,K,C
1862,K109D,1.1369,109,K,D
1863,K109E,0.7019,109,K,E
1864,K109F,-0.1305,109,K,F
1865,K109G,0.4748,109,K,G
1866,K109H,0.2805,109,K,H
1867,K109I,-0.2562,109,K,I
1868,K109K,0.0,109,K,K
1869,K109L,-0.3488,109,K,L
1870,K109M,-0.3509,109,K,M
1871,K109N,0.5504,109,K,N
1872,K109P,2.0529,109,K,P
1873,K109Q,0.1162,109,K,Q
1874,K109R,0.0825,109,K,R
1875,K109S,0.0536,109,K,S
1876,K109T,0.2263,109,K,T
1877,K109V,-0.2149,109,K,V
1878,K109W,-0.438,109,K,W
1879,K109Y,-0.3618,109,K,Y
1880,F110A,0.4497,110,F,A
1881,F110C,0.0337,110,F,C
1882,F110D,0.8604,110,F,D
1883,F110E,0.6912,110,F,E
1884,F110F,0.0,110,F,F
1885,F110G,0.91,110,F,G
1886,F110H,0.4964,110,F,H
1887,F110I,0.4392,110,F,I
1888,F110K,0.7082,110,F,K
1889,F110L,0.4296,110,F,L
1890,F110M,0.4306,110,F,M
1891,F110N,0.7694,110,F,N
1892,F110P,1.4562,110,F,P
1893,F110Q,0.7483,110,F,Q
1894,F110R,0.6714,110,F,R
1895,F110S,0.623,110,F,S
1896,F110T,0.7005,110,F,T
1897,F110V,0.5934,110,F,V
1898,F110W,-0.0657,110,F,W
1899,F110Y,0.026,110,F,Y
1900,W111A,0.0799,111,W,A
1901,W111C,-0.1706,111,W,C
1902,W111D,0.25,111,W,D
1903,W111E,0.1131,111,W,E
1904,W111F,0.096,111,W,F
1905,W111G,0.614,111,W,G
1906,W111H,0.2007,111,W,H
1907,W111I,0.0367,111,W,I
1908,W111K,0.2013,111,W,K
1909,W111L,0.0215,111,W,L
1910,W111M,0.0566,111,W,M
1911,W111N,0.2632,111,W,N
1912,W111P,1.3932,111,W,P
1913,W111Q,0.1723,111,W,Q
1914,W111R,0.1819,111,W,R
1915,W111S,0.1791,111,W,S
1916,W111T,0.2215,111,W,T
1917,W111V,0.1605,111,W,V
1918,W111W,0.0,111,W,W
1919,W111Y,0.0303,111,W,Y
1920,Y112A,0.7534,112,Y,A
1921,Y112C,0.3385,112,Y,C
1922,Y112D,0.7492,112,Y,D
1923,Y112E,0.6343,112,Y,E
1924,Y112F,0.2551,112,Y,F
1925,Y112G,1.4287,112,Y,G
1926,Y112H,0.7129,112,Y,H
1927,Y112I,0.376,112,Y,I
1928,Y112K,1.1786,112,Y,K
1929,Y112L,0.3378,112,Y,L
1930,Y112M,0.4136,112,Y,M
1931,Y112N,1.0809,112,Y,N
1932,Y112P,1.6557,112,Y,P
1933,Y112Q,0.8436,112,Y,Q
1934,Y112R,1.0712,112,Y,R
1935,Y112S,1.0568,112,Y,S
1936,Y112T,1.0087,112,Y,T
1937,Y112V,0.6352,112,Y,V
1938,Y112W,-0.0628,112,Y,W
1939,Y112Y,0.0,112,Y,Y
1940,V113A,0.869,113,V,A
1941,V113C,-0.0789,113,V,C
1942,V113D,1.6712,113,V,D
1943,V113E,1.248,113,V,E
1944,V113F,0.1583,113,V,F
1945,V113G,1.2392,113,V,G
1946,V113H,0.8908,113,V,H
1947,V113I,-0.2738,113,V,I
1948,V113K,1.3209,113,V,K
1949,V113L,-0.046,113,V,L
1950,V113M,0.1898,113,V,M
1951,V113N,1.3406,113,V,N
1952,V113P,1.7028,113,V,P
1953,V113Q,1.2516,113,V,Q
1954,V113R,1.3031,113,V,R
1955,V113S,1.312,113,V,S
1956,V113T,1.0982,113,V,T
1957,V113V,0.0,113,V,V
1958,V113W,0.0788,113,V,W
1959,V113Y,0.1073,113,V,Y
1960,N114A,-0.2851,114,N,A
1961,N114C,-0.5438,114,N,C
1962,N114D,0.319,114,N,D
1963,N114E,0.0593,114,N,E
1964,N114F,-0.1616,114,N,F
1965,N114G,0.0553,114,N,G
1966,N114H,-0.0503,114,N,H
1967,N114I,-0.0922,114,N,I
1968,N114K,0.0891,114,N,K
1969,N114L,-0.3195,114,N,L
1970,N114M,-0.1576,114,N,M
1971,N114N,0.0,114,N,N
1972,N114P,1.359,114,N,P
1973,N114Q,0.1066,114,N,Q
1974,N114R,0.1722,114,N,R
1975,N114S,-0.0378,114,N,S
1976,N114T,0.0154,114,N,T
1977,N114V,0.0035,114,N,V
1978,N114W,-0.2859,114,N,W
1979,N114Y,-0.3341,114,N,Y
1980,H115A,-0.5176,115,H,A
1981,H115C,-0.1434,115,H,C
1982,H115D,0.3723,115,H,D
1983,H115E,0.0078,115,H,E
1984,H115F,0.4154,115,H,F
1985,H115G,0.1581,115,H,G
1986,H115H,0.0,115,H,H
1987,H115I,0.4836,115,H,I
1988,H115K,-0.0687,115,H,K
1989,H115L,0.1311,115,H,L
1990,H115M,-0.1584,115,H,M
1991,H115N,0.1818,115,H,N
1992,H115P,1.9397,115,H,P
1993,H115Q,-0.2424,115,H,Q
1994,H115R,-0.0446,115,H,R
1995,H115S,-0.1108,115,H,S
1996,H115T,0.3645,115,H,T
1997,H115V,0.5761,115,H,V
1998,H115W,0.3396,115,H,W
1999,H115Y,0.3154,115,H,Y
2000,T116A,-0.1922,116,T,A
2001,T116C,-0.3831,116,T,C
2002,T116D,0.7033,116,T,D
2003,T116E,0.3631,116,T,E
2004,T116F,-0.1354,116,T,F
2005,T116G,0.5416,116,T,G
2006,T116H,0.09,116,T,H
2007,T116I,-0.5259,116,T,I
2008,T116K,-0.0976,116,T,K
2009,T116L,-0.5946,116,T,L
2010,T116M,-0.4867,116,T,M
2011,T116N,0.3427,116,T,N
2012,T116P,1.0136,116,T,P
2013,T116Q,-0.0054,116,T,Q
2014,T116R,-0.0643,116,T,R
2015,T116S,0.0762,116,T,S
2016,T116T,0.0,116,T,T
2017,T116V,-0.2954,116,T,V
2018,T116W,-0.3484,116,T,W
2019,T116Y,-0.256,116,T,Y
2020,L117A,0.2158,117,L,A
2021,L117C,0.0385,117,L,C
2022,L117D,1.0973,117,L,D
2023,L117E,0.8053,117,L,E
2024,L117F,0.2579,117,L,F
2025,L117G,0.7808,117,L,G
2026,L117H,0.3894,117,L,H
2027,L117I,-0.1278,117,L,I
2028,L117K,0.3514,117,L,K
2029,L117L,0.0,117,L,L
2030,L117M,0.2359,117,L,M
2031,L117N,0.5689,117,L,N
2032,L117P,1.4673,117,L,P
2033,L117Q,0.607,117,L,Q
2034,L117R,0.3186,117,L,R
2035,L117S,0.4235,117,L,S
2036,L117T,0.3414,117,L,T
2037,L117V,0.2009,117,L,V
2038,L117W,0.2322,117,L,W
2039,L117Y,0.0767,117,L,Y
2040,S118A,-0.1771,118,S,A
2041,S118C,-0.102,118,S,C
2042,S118D,0.3769,118,S,D
2043,S118E,0.2444,118,S,E
2044,S118F,0.357,118,S,F
2045,S118G,0.309,118,S,G
2046,S118H,0.1193,118,S,H
2047,S118I,0.4662,118,S,I
2048,S118K,0.0261,118,S,K
2049,S118L,0.0097,118,S,L
2050,S118M,-0.0738,118,S,M
2051,S118N,-0.0421,118,S,N
2052,S118P,2.0744,118,S,P
2053,S118Q,0.0773,118,S,Q
2054,S118R,0.0204,118,S,R
2055,S118S,0.0,118,S,S
2056,S118T,0.4232,118,S,T
2057,S118V,0.5561,118,S,V
2058,S118W,0.4208,118,S,W
2059,S118Y,0.3311,118,S,Y
2060,G119A,1.1563,119,G,A
2061,G119C,0.5384,119,G,C
2062,G119D,1.4373,119,G,D
2063,G119E,1.3765,119,G,E
2064,G119F,1.0773,119,G,F
2065,G119G,0.0,119,G,G
2066,G119H,0.8869,119,G,H
2067,G119I,1.6041,119,G,I
2068,G119K,1.1745,119,G,K
2069,G119L,1.1234,119,G,L
2070,G119M,1.1003,119,G,M
2071,G119N,0.9621,119,G,N
2072,G119P,2.0294,119,G,P
2073,G119Q,1.142,119,G,Q
2074,G119R,1.1983,119,G,R
2075,G119S,1.2682,119,G,S
2076,G119T,1.6218,119,G,T
2077,G119V,1.6036,119,G,V
2078,G119W,1.1469,119,G,W
2079,G119Y,1.0583,119,G,Y
2080,Q120A,-0.0537,120,Q,A
2081,Q120C,-0.19,120,Q,C
2082,Q120D,0.1241,120,Q,D
2083,Q120E,0.0849,120,Q,E
2084,Q120F,0.0236,120,Q,F
2085,Q120G,0.1649,120,Q,G
2086,Q120H,-0.0913,120,Q,H
2087,Q120I,-0.0002,120,Q,I
2088,Q120K,-0.0951,120,Q,K
2089,Q120L,-0.0104,120,Q,L
2090,Q120M,0.0453,120,Q,M
2091,Q120N,-0.0442,120,Q,N
2092,Q120P,0.5729,120,Q,P
2093,Q120Q,0.0,120,Q,Q
2094,Q120R,-0.0671,120,Q,R
2095,Q120S,-0.102,120,Q,S
2096,Q120T,-0.0506,120,Q,T
2097,Q120V,0.0603,120,Q,V
2098,Q120W,0.0812,120,Q,W
2099,Q120Y,-0.0027,120,Q,Y
2100,H121A,0.1482,121,H,A
2101,H121C,-0.0616,121,H,C
2102,H121D,0.386,121,H,D
2103,H121E,0.4386,121,H,E
2104,H121F,0.0364,121,H,F
2105,H121G,0.3687,121,H,G
2106,H121H,0.0,121,H,H
2107,H121I,0.1528,121,H,I
2108,H121K,0.121,121,H,K
2109,H121L,0.1543,121,H,L
2110,H121M,0.1831,121,H,M
2111,H121N,0.1008,121,H,N
2112,H121P,0.1519,121,H,P
2113,H121Q,0.2852,121,H,Q
2114,H121R,0.076,121,H,R
2115,H121S,0.1016,121,H,S
2116,H121T,0.1068,121,H,T
2117,H121V,0.2966,121,H,V
2118,H121W,-0.002,121,H,W
2119,H121Y,0.013,121,H,Y
2120,S122A,0.0854,122,S,A
2121,S122C,-0.1593,122,S,C
2122,S122D,0.2854,122,S,D
2123,S122E,-0.0441,122,S,E
2124,S122F,0.1028,122,S,F
2125,S122G,0.2933,122,S,G
2126,S122H,0.1708,122,S,H
2127,S122I,0.1044,122,S,I
2128,S122K,0.235,122,S,K
2129,S122L,0.2272,122,S,L
2130,S122M,0.1695,122,S,M
2131,S122N,0.2407,122,S,N
2132,S122P,0.6481,122,S,P
2133,S122Q,0.2374,122,S,Q
2134,S122R,0.233,122,S,R
2135,S122S,0.0,122,S,S
2136,S122T,-0.0317,122,S,T
2137,S122V,0.1625,122,S,V
2138,S122W,0.1919,122,S,W
2139,S122Y,0.1889,122,S,Y
2140,L123A,-0.1157,123,L,A
2141,L123C,-0.2491,123,L,C
2142,L123D,0.0184,123,L,D
2143,L123E,-0.0755,123,L,E
2144,L123F,0.0997,123,L,F
2145,L123G,0.1645,123,L,G
2146,L123H,-0.0128,123,L,H
2147,L123I,0.0119,123,L,I
2148,L123K,-0.1806,123,L,K
2149,L123L,0.0,123,L,L
2150,L123M,0.0876,123,L,M
2151,L123N,0.0343,123,L,N
2152,L123P,-0.4519,123,L,P
2153,L123Q,-0.0919,123,L,Q
2154,L123R,-0.0734,123,L,R
2155,L123S,-0.2805,123,L,S
2156,L123T,-0.2193,123,L,T
2157,L123V,0.025,123,L,V
2158,L123W,0.0819,123,L,W
2159,L123Y,0.092,123,L,Y
2160,P124A,0.3225,124,P,A
2161,P124C,0.3463,124,P,C
2162,P124D,1.117,124,P,D
2163,P124E,0.6146,124,P,E
2164,P124F,0.6315,124,P,F
2165,P124G,0.7988,124,P,G
2166,P124H,0.6541,124,P,H
2167,P124I,0.5456,124,P,I
2168,P124K,0.1772,124,P,K
2169,P124L,0.4444,124,P,L
2170,P124M,0.3176,124,P,M
2171,P124N,0.8986,124,P,N
2172,P124P,0.0,124,P,P
2173,P124Q,0.3567,124,P,Q
2174,P124R,0.1124,124,P,R
2175,P124S,0.642,124,P,S
2176,P124T,0.7318,124,P,T
2177,P124V,0.5263,124,P,V
2178,P124W,0.5032,124,P,W
2179,P124Y,0.5969,124,P,Y
2180,R125A,-0.206,125,R,A
2181,R125C,-0.4888,125,R,C
2182,R125D,0.003,125,R,D
2183,R125E,-0.278,125,R,E
2184,R125F,-0.0921,125,R,F
2185,R125G,0.269,125,R,G
2186,R125H,-0.1673,125,R,H
2187,R125I,-0.0542,125,R,I
2188,R125K,0.0703,125,R,K
2189,R125L,-0.1432,125,R,L
2190,R125M,-0.1211,125,R,M
2191,R125N,-0.0128,125,R,N
2192,R125P,1.4537,125,R,P
2193,R125Q,-0.1141,125,R,Q
2194,R125R,0.0,125,R,R
2195,R125S,-0.1922,125,R,S
2196,R125T,-0.4286,125,R,T
2197,R125V,-0.0832,125,R,V
2198,R125W,-0.1225,125,R,W
2199,R125Y,-0.2057,125,R,Y
2200,C126A,1.1837,126,C,A
2201,C126C,0.0,126,C,C
2202,C126D,2.1786,126,C,D
2203,C126E,2.0549,126,C,E
2204,C126F,-0.3936,126,C,F
2205,C126G,2.4744,126,C,G
2206,C126H,1.0979,126,C,H
2207,C126I,0.5076,126,C,I
2208,C126K,1.7969,126,C,K
2209,C126L,0.9164,126,C,L
2210,C126M,0.9859,126,C,M
2211,C126N,1.9186,126,C,N
2212,C126P,1.5684,126,C,P
2213,C126Q,1.9223,126,C,Q
2214,C126R,1.8505,126,C,R
2215,C126S,1.2296,126,C,S
2216,C126T,1.1297,126,C,T
2217,C126V,0.4359,126,C,V
2218,C126W,-0.0345,126,C,W
2219,C126Y,-0.2428,126,C,Y
2220,W127A,1.7657,127,W,A
2221,W127C,1.2808,127,W,C
2222,W127D,2.3616,127,W,D
2223,W127E,2.2065,127,W,E
2224,W127F,0.8346,127,W,F
2225,W127G,2.2544,127,W,G
2226,W127H,1.5566,127,W,H
2227,W127I,1.9468,127,W,I
2228,W127K,2.1494,127,W,K
2229,W127L,1.6373,127,W,L
2230,W127M,1.6912,127,W,M
2231,W127N,2.1642,127,W,N
2232,W127P,2.4472,127,W,P
2233,W127Q,2.0637,127,W,Q
2234,W127R,1.9402,127,W,R
2235,W127S,2.1205,127,W,S
2236,W127T,2.2269,127,W,T
2237,W127V,1.8011,127,W,V
2238,W127W,0.0,127,W,W
2239,W127Y,0.3527,127,W,Y
2240,L128A,0.4465,128,L,A
2241,L128C,-0.1664,128,L,C
2242,L128D,1.13,128,L,D
2243,L128E,1.14,128,L,E
2244,L128F,0.1455,128,L,F
2245,L128G,0.9739,128,L,G
2246,L128H,0.5422,128,L,H
2247,L128I,-0.3581,128,L,I
2248,L128K,0.9035,128,L,K
2249,L128L,0.0,128,L,L
2250,L128M,0.1968,128,L,M
2251,L128N,0.8154,128,L,N
2252,L128P,0.9374,128,L,P
2253,L128Q,0.928,128,L,Q
2254,L128R,0.9695,128,L,R
2255,L128S,0.4842,128,L,S
2256,L128T,0.3093,128,L,T
2257,L128V,-0.096,128,L,V
2258,L128W,0.1121,128,L,W
2259,L128Y,0.1087,128,L,Y
2260,I129A,0.9328,129,I,A
2261,I129C,0.2903,129,I,C
2262,I129D,1.9504,129,I,D
2263,I129E,1.7168,129,I,E
2264,I129F,0.405,129,I,F
2265,I129G,1.7049,129,I,G
2266,I129H,1.0751,129,I,H
2267,I129I,0.0,129,I,I
2268,I129K,1.4677,129,I,K
2269,I129L,0.4335,129,I,L
2270,I129M,0.6297,129,I,M
2271,I129N,1.5099,129,I,N
2272,I129P,1.7805,129,I,P
2273,I129Q,1.4703,129,I,Q
2274,I129R,1.4264,129,I,R
2275,I129S,1.2476,129,I,S
2276,I129T,0.847,129,I,T
2277,I129V,0.1559,129,I,V
2278,I129W,0.1003,129,I,W
2279,I129Y,0.2014,129,I,Y
2280,K130A,-0.3472,130,K,A
2281,K130C,-0.4993,130,K,C
2282,K130D,-0.4186,130,K,D
2283,K130E,-0.0836,130,K,E
2284,K130F,0.0262,130,K,F
2285,K130G,-0.1885,130,K,G
2286,K130H,-0.2008,130,K,H
2287,K130I,0.1568,130,K,I
2288,K130K,0.0,130,K,K
2289,K130L,-0.0366,130,K,L
2290,K130M,-0.0242,130,K,M
2291,K130N,-0.3212,130,K,N
2292,K130P,0.3584,130,K,P
2293,K130Q,-0.1313,130,K,Q
2294,K130R,0.0452,130,K,R
2295,K130S,-0.468,130,K,S
2296,K130T,-0.5286,130,K,T
2297,K130V,-0.0438,130,K,V
2298,K130W,-0.0316,130,K,W
2299,K130Y,-0.0355,130,K,Y
2300,N131A,-0.1227,131,N,A
2301,N131C,-0.3038,131,N,C
2302,N131D,0.0522,131,N,D
2303,N131E,-0.327,131,N,E
2304,N131F,-0.0334,131,N,F
2305,N131G,0.1528,131,N,G
2306,N131H,-0.1318,131,N,H
2307,N131I,-0.1073,131,N,I
2308,N131K,-0.1326,131,N,K
2309,N131L,-0.077,131,N,L
2310,N131M,-0.1098,131,N,M
2311,N131N,0.0,131,N,N
2312,N131P,-0.3328,131,N,P
2313,N131Q,-0.1984,131,N,Q
2314,N131R,-0.0766,131,N,R
2315,N131S,-0.22,131,N,S
2316,N131T,-0.1669,131,N,T
2317,N131V,-0.0632,131,N,V
2318,N131W,-0.0807,131,N,W
2319,N131Y,-0.1072,131,N,Y
2320,N132A,0.0502,132,N,A
2321,N132C,-0.2544,132,N,C
2322,N132D,-0.0842,132,N,D
2323,N132E,0.1115,132,N,E
2324,N132F,0.3585,132,N,F
2325,N132G,-0.0449,132,N,G
2326,N132H,0.2797,132,N,H
2327,N132I,0.708,132,N,I
2328,N132K,0.495,132,N,K
2329,N132L,0.5294,132,N,L
2330,N132M,0.4597,132,N,M
2331,N132N,0.0,132,N,N
2332,N132P,1.2581,132,N,P
2333,N132Q,0.4025,132,N,Q
2334,N132R,0.537,132,N,R
2335,N132S,-0.0671,132,N,S
2336,N132T,0.1787,132,N,T
2337,N132V,0.5942,132,N,V
2338,N132W,0.037,132,N,W
2339,N132Y,0.2078,132,N,Y
2340,S133A,1.1634,133,S,A
2341,S133C,0.9892,133,S,C
2342,S133D,2.1393,133,S,D
2343,S133E,2.2205,133,S,E
2344,S133F,2.1346,133,S,F
2345,S133G,1.8179,133,S,G
2346,S133H,2.2589,133,S,H
2347,S133I,2.0621,133,S,I
2348,S133K,2.1936,133,S,K
2349,S133L,2.0701,133,S,L
2350,S133M,1.5893,133,S,M
2351,S133N,1.8419,133,S,N
2352,S133P,3.2223,133,S,P
2353,S133Q,1.9038,133,S,Q
2354,S133R,2.1352,133,S,R
2355,S133S,0.0,133,S,S
2356,S133T,0.6309,133,S,T
2357,S133V,1.8865,133,S,V
2358,S133W,2.1455,133,S,W
2359,S133Y,2.4003,133,S,Y
2360,Y134A,0.7457,134,Y,A
2361,Y134C,0.3769,134,Y,C
2362,Y134D,1.4435,134,Y,D
2363,Y134E,1.2564,134,Y,E
2364,Y134F,0.2098,134,Y,F
2365,Y134G,0.9663,134,Y,G
2366,Y134H,0.5231,134,Y,H
2367,Y134I,0.589,134,Y,I
2368,Y134K,0.5451,134,Y,K
2369,Y134L,0.2648,134,Y,L
2370,Y134M,0.46,134,Y,M
2371,Y134N,0.8688,134,Y,N
2372,Y134P,1.058,134,Y,P
2373,Y134Q,0.8042,134,Y,Q
2374,Y134R,0.5671,134,Y,R
2375,Y134S,0.9344,134,Y,S
2376,Y134T,0.7969,134,Y,T
2377,Y134V,0.7163,134,Y,V
2378,Y134W,0.149,134,Y,W
2379,Y134Y,0.0,134,Y,Y
2380,L135A,0.7135,135,L,A
2381,L135C,-0.0116,135,L,C
2382,L135D,1.2419,135,L,D
2383,L135E,1.0951,135,L,E
2384,L135F,0.5777,135,L,F
2385,L135G,1.1578,135,L,G
2386,L135H,0.7114,135,L,H
2387,L135I,0.1091,135,L,I
2388,L135K,0.4578,135,L,K
2389,L135L,0.0,135,L,L
2390,L135M,0.3684,135,L,M
2391,L135N,0.8019,135,L,N
2392,L135P,0.0724,135,L,P
2393,L135Q,0.7707,135,L,Q
2394,L135R,0.5916,135,L,R
2395,L135S,0.696,135,L,S
2396,L135T,0.516,135,L,T
2397,L135V,0.2618,135,L,V
2398,L135W,0.5172,135,L,W
2399,L135Y,0.6233,135,L,Y
2400,N136A,-0.1416,136,N,A
2401,N136C,-0.2656,136,N,C
2402,N136D,0.0277,136,N,D
2403,N136E,-0.2348,136,N,E
2404,N136F,0.0911,136,N,F
2405,N136G,0.0319,136,N,G
2406,N136H,-0.0115,136,N,H
2407,N136I,-0.0353,136,N,I
2408,N136K,-0.1326,136,N,K
2409,N136L,-0.069,136,N,L
2410,N136M,-0.0761,136,N,M
2411,N136N,0.0,136,N,N
2412,N136P,-0.1769,136,N,P
2413,N136Q,-0.1839,136,N,Q
2414,N136R,-0.0304,136,N,R
2415,N136S,-0.2684,136,N,S
2416,N136T,-0.2622,136,N,T
2417,N136V,-0.0735,136,N,V
2418,N136W,0.1421,136,N,W
2419,N136Y,0.13,136,N,Y
2420,I137A,0.0205,137,I,A
2421,I137C,-0.1459,137,I,C
2422,I137D,0.1747,137,I,D
2423,I137E,0.1009,137,I,E
2424,I137F,-0.1069,137,I,F
2425,I137G,0.1637,137,I,G
2426,I137H,-0.1149,137,I,H
2427,I137I,0.0,137,I,I
2428,I137K,-0.1233,137,I,K
2429,I137L,-0.0004,137,I,L
2430,I137M,0.0839,137,I,M
2431,I137N,0.016,137,I,N
2432,I137P,-0.0152,137,I,P
2433,I137Q,0.0489,137,I,Q
2434,I137R,-0.1292,137,I,R
2435,I137S,-0.0565,137,I,S
2436,I137T,-0.1144,137,I,T
2437,I137V,0.0485,137,I,V
2438,I137W,-0.0945,137,I,W
2439,I137Y,-0.1427,137,I,Y
2440,S138A,-0.0901,138,S,A
2441,S138C,-0.3261,138,S,C
2442,S138D,0.4501,138,S,D
2443,S138E,0.1032,138,S,E
2444,S138F,-0.0739,138,S,F
2445,S138G,0.24,138,S,G
2446,S138H,0.0451,138,S,H
2447,S138I,-0.1175,138,S,I
2448,S138K,-0.0589,138,S,K
2449,S138L,-0.0563,138,S,L
2450,S138M,-0.0767,138,S,M
2451,S138N,0.1749,138,S,N
2452,S138P,0.2784,138,S,P
2453,S138Q,0.0871,138,S,Q
2454,S138R,-0.0564,138,S,R
2455,S138S,0.0,138,S,S
2456,S138T,-0.0835,138,S,T
2457,S138V,-0.1292,138,S,V
2458,S138W,-0.0315,138,S,W
2459,S138Y,-0.0025,138,S,Y
2460,D139A,0.185,139,D,A
2461,D139C,-0.444,139,D,C
2462,D139D,0.0,139,D,D
2463,D139E,-0.0811,139,D,E
2464,D139F,-0.337,139,D,F
2465,D139G,0.5015,139,D,G
2466,D139H,-0.1663,139,D,H
2467,D139I,-0.3227,139,D,I
2468,D139K,0.2782,139,D,K
2469,D139L,-0.103,139,D,L
2470,D139M,-0.0244,139,D,M
2471,D139N,0.102,139,D,N
2472,D139P,0.8094,139,D,P
2473,D139Q,0.1412,139,D,Q
2474,D139R,0.2551,139,D,R
2475,D139S,0.0461,139,D,S
2476,D139T,-0.1801,139,D,T
2477,D139V,-0.2431,139,D,V
2478,D139W,-0.2286,139,D,W
2479,D139Y,-0.2926,139,D,Y
2480,F140A,-0.0091,140,F,A
2481,F140C,-0.3142,140,F,C
2482,F140D,-0.022,140,F,D
2483,F140E,0.0039,140,F,E
2484,F140F,0.0,140,F,F
2485,F140G,0.0905,140,F,G
2486,F140H,-0.0181,140,F,H
2487,F140I,0.0964,140,F,I
2488,F140K,0.1019,140,F,K
2489,F140L,-0.0212,140,F,L
2490,F140M,0.0216,140,F,M
2491,F140N,-0.0047,140,F,N
2492,F140P,-0.0192,140,F,P
2493,F140Q,0.0853,140,F,Q
2494,F140R,0.094,140,F,R
2495,F140S,0.014,140,F,S
2496,F140T,0.0319,140,F,T
2497,F140V,0.1493,140,F,V
2498,F140W,-0.0898,140,F,W
2499,F140Y,0.0946,140,F,Y
2500,R141A,-0.2195,141,R,A
2501,R141C,-0.0522,141,R,C
2502,R141D,0.0369,141,R,D
2503,R141E,0.0947,141,R,E
2504,R141F,0.3646,141,R,F
2505,R141G,0.1514,141,R,G
2506,R141H,0.1031,141,R,H
2507,R141I,0.2298,141,R,I
2508,R141K,-0.0172,141,R,K
2509,R141L,0.1932,141,R,L
2510,R141M,0.28,141,R,M
2511,R141N,-0.043,141,R,N
2512,R141P,-0.0212,141,R,P
2513,R141Q,0.1151,141,R,Q
2514,R141R,0.0,141,R,R
2515,R141S,-0.2767,141,R,S
2516,R141T,-0.0509,141,R,T
2517,R141V,0.2174,141,R,V
2518,R141W,0.313,141,R,W
2519,R141Y,0.3483,141,R,Y
2520,N142A,0.0258,142,N,A
2521,N142C,-0.2648,142,N,C
2522,N142D,0.0243,142,N,D
2523,N142E,-0.0993,142,N,E
2524,N142F,0.086,142,N,F
2525,N142G,0.1885,142,N,G
2526,N142H,0.0212,142,N,H
2527,N142I,0.0041,142,N,I
2528,N142K,0.1954,142,N,K
2529,N142L,-0.1217,142,N,L
2530,N142M,0.0087,142,N,M
2531,N142N,0.0,142,N,N
2532,N142P,0.4135,142,N,P
2533,N142Q,0.0754,142,N,Q
2534,N142R,0.2395,142,N,R
2535,N142S,-0.05,142,N,S
2536,N142T,-0.2784,142,N,T
2537,N142V,-0.1028,142,N,V
2538,N142W,0.0593,142,N,W
2539,N142Y,0.0805,142,N,Y
2540,D143A,0.0158,143,D,A
2541,D143C,-0.0869,143,D,C
2542,D143D,0.0,143,D,D
2543,D143E,-0.0838,143,D,E
2544,D143F,0.1829,143,D,F
2545,D143G,0.2573,143,D,G
2546,D143H,0.1705,143,D,H
2547,D143I,0.2351,143,D,I
2548,D143K,0.2789,143,D,K
2549,D143L,0.2055,143,D,L
2550,D143M,0.2419,143,D,M
2551,D143N,0.2542,143,D,N
2552,D143P,0.6054,143,D,P
2553,D143Q,0.1523,143,D,Q
2554,D143R,0.3122,143,D,R
2555,D143S,0.0897,143,D,S
2556,D143T,0.1539,143,D,T
2557,D143V,0.2589,143,D,V
2558,D143W,0.0794,143,D,W
2559,D143Y,0.1196,143,D,Y
2560,W144A,0.6109,144,W,A
2561,W144C,0.2925,144,W,C
2562,W144D,0.7662,144,W,D
2563,W144E,0.599,144,W,E
2564,W144F,0.3308,144,W,F
2565,W144G,0.7631,144,W,G
2566,W144H,0.6678,144,W,H
2567,W144I,0.5292,144,W,I
2568,W144K,0.7308,144,W,K
2569,W144L,0.4621,144,W,L
2570,W144M,0.5563,144,W,M
2571,W144N,0.8242,144,W,N
2572,W144P,0.856,144,W,P
2573,W144Q,0.7445,144,W,Q
2574,W144R,0.6918,144,W,R
2575,W144S,0.807,144,W,S
2576,W144T,0.7811,144,W,T
2577,W144V,0.612,144,W,V
2578,W144W,0.0,144,W,W
2579,W144Y,0.2577,144,W,Y
2580,I145A,0.3186,145,I,A
2581,I145C,-0.0061,145,I,C
2582,I145D,0.4264,145,I,D
2583,I145E,0.1413,145,I,E
2584,I145F,0.201,145,I,F
2585,I145G,0.6352,145,I,G
2586,I145H,0.4279,145,I,H
2587,I145I,0.0,145,I,I
2588,I145K,0.5001,145,I,K
2589,I145L,0.1431,145,I,L
2590,I145M,0.1421,145,I,M
2591,I145N,0.5962,145,I,N
2592,I145P,0.8662,145,I,P
2593,I145Q,0.3282,145,I,Q
2594,I145R,0.4942,145,I,R
2595,I145S,0.4114,145,I,S
2596,I145T,0.3375,145,I,T
2597,I145V,0.1127,145,I,V
2598,I145W,-0.0048,145,I,W
2599,I145Y,0.2509,145,I,Y
2600,L146A,0.0083,146,L,A
2601,L146C,-0.0392,146,L,C
2602,L146D,0.3193,146,L,D
2603,L146E,0.0606,146,L,E
2604,L146F,0.1435,146,L,F
2605,L146G,0.471,146,L,G
2606,L146H,0.0938,146,L,H
2607,L146I,-0.1184,146,L,I
2608,L146K,-0.038,146,L,K
2609,L146L,0.0,146,L,L
2610,L146M,0.0592,146,L,M
2611,L146N,0.2738,146,L,N
2612,L146P,0.7668,146,L,P
2613,L146Q,0.0228,146,L,Q
2614,L146R,-0.082,146,L,R
2615,L146S,0.0478,146,L,S
2616,L146T,-0.0409,146,L,T
2617,L146V,-0.0673,146,L,V
2618,L146W,0.0461,146,L,W
2619,L146Y,0.0717,146,L,Y
2620,E147A,0.1956,147,E,A
2621,E147C,-0.1074,147,E,C
2622,E147D,0.4373,147,E,D
2623,E147E,0.0,147,E,E
2624,E147F,0.112,147,E,F
2625,E147G,0.5725,147,E,G
2626,E147H,0.3191,147,E,H
2627,E147I,0.0408,147,E,I
2628,E147K,0.4758,147,E,K
2629,E147L,0.1365,147,E,L
2630,E147M,0.2118,147,E,M
2631,E147N,0.5352,147,E,N
2632,E147P,1.1125,147,E,P
2633,E147Q,0.3228,147,E,Q
2634,E147R,0.4966,147,E,R
2635,E147S,0.3989,147,E,S
2636,E147T,0.281,147,E,T
2637,E147V,0.1347,147,E,V
2638,E147W,-0.0178,147,E,W
2639,E147Y,0.0003,147,E,Y
2640,S148A,-0.5766,148,S,A
2641,S148C,-0.635,148,S,C
2642,S148D,0.6274,148,S,D
2643,S148E,0.2687,148,S,E
2644,S148F,-0.6982,148,S,F
2645,S148G,0.1733,148,S,G
2646,S148H,-0.0563,148,S,H
2647,S148I,-0.3706,148,S,I
2648,S148K,0.2007,148,S,K
2649,S148L,-0.4312,148,S,L
2650,S148M,-0.4355,148,S,M
2651,S148N,0.3707,148,S,N
2652,S148P,1.6284,148,S,P
2653,S148Q,0.1123,148,S,Q
2654,S148R,0.003,148,S,R
2655,S148S,0.0,148,S,S
2656,S148T,0.039,148,S,T
2657,S148V,-0.4635,148,S,V
2658,S148W,-0.8965,148,S,W
2659,S148Y,-0.9272,148,S,Y
2660,D149A,0.0255,149,D,A
2661,D149C,-0.2505,149,D,C
2662,D149D,0.0,149,D,D
2663,D149E,-0.1839,149,D,E
2664,D149F,-0.1153,149,D,F
2665,D149G,0.4947,149,D,G
2666,D149H,0.1102,149,D,H
2667,D149I,0.0142,149,D,I
2668,D149K,0.2158,149,D,K
2669,D149L,-0.011,149,D,L
2670,D149M,-0.0194,149,D,M
2671,D149N,0.3372,149,D,N
2672,D149P,1.6475,149,D,P
2673,D149Q,0.0019,149,D,Q
2674,D149R,0.1786,149,D,R
2675,D149S,0.2646,149,D,S
2676,D149T,0.2472,149,D,T
2677,D149V,0.1099,149,D,V
2678,D149W,-0.2141,149,D,W
2679,D149Y,-0.2176,149,D,Y
2680,F150A,0.5434,150,F,A
2681,F150C,0.1448,150,F,C
2682,F150D,1.2196,150,F,D
2683,F150E,0.872,150,F,E
2684,F150F,0.0,150,F,F
2685,F150G,0.9889,150,F,G
2686,F150H,0.4849,150,F,H
2687,F150I,0.1019,150,F,I
2688,F150K,0.3464,150,F,K
2689,F150L,0.0695,150,F,L
2690,F150M,0.2493,150,F,M
2691,F150N,0.7236,150,F,N
2692,F150P,1.3837,150,F,P
2693,F150Q,0.6305,150,F,Q
2694,F150R,0.2653,150,F,R
2695,F150S,0.6735,150,F,S
2696,F150T,0.5139,150,F,T
2697,F150V,0.2937,150,F,V
2698,F150W,0.2257,150,F,W
2699,F150Y,0.1204,150,F,Y
2700,L151A,0.5807,151,L,A
2701,L151C,0.1893,151,L,C
2702,L151D,1.4374,151,L,D
2703,L151E,0.9871,151,L,E
2704,L151F,0.1289,151,L,F
2705,L151G,1.2427,151,L,G
2706,L151H,0.6372,151,L,H
2707,L151I,-0.1937,151,L,I
2708,L151K,0.6985,151,L,K
2709,L151L,0.0,151,L,L
2710,L151M,0.2776,151,L,M
2711,L151N,1.1075,151,L,N
2712,L151P,1.7024,151,L,P
2713,L151Q,0.8195,151,L,Q
2714,L151R,0.674,151,L,R
2715,L151S,0.89,151,L,S
2716,L151T,0.6156,151,L,T
2717,L151V,0.1099,151,L,V
2718,L151W,0.0648,151,L,W
2719,L151Y,0.0022,151,L,Y
2720,I152A,1.2654,152,I,A
2721,I152C,0.7134,152,I,C
2722,I152D,2.1414,152,I,D
2723,I152E,1.6667,152,I,E
2724,I152F,0.5968,152,I,F
2725,I152G,1.9885,152,I,G
2726,I152H,1.2294,152,I,H
2727,I152I,0.0,152,I,I
2728,I152K,1.1665,152,I,K
2729,I152L,0.5105,152,I,L
2730,I152M,0.7161,152,I,M
2731,I152N,1.7559,152,I,N
2732,I152P,2.1327,152,I,P
2733,I152Q,1.315,152,I,Q
2734,I152R,1.119,152,I,R
2735,I152S,1.5278,152,I,S
2736,I152T,1.1308,152,I,T
2737,I152V,0.289,152,I,V
2738,I152W,0.4494,152,I,W
2739,I152Y,0.5123,152,I,Y
2740,S153A,-0.2013,153,S,A
2741,S153C,-0.3555,153,S,C
2742,S153D,0.2204,153,S,D
2743,S153E,-0.1686,153,S,E
2744,S153F,-0.1943,153,S,F
2745,S153G,0.2512,153,S,G
2746,S153H,-0.118,153,S,H
2747,S153I,-0.1312,153,S,I
2748,S153K,-0.2759,153,S,K
2749,S153L,-0.2376,153,S,L
2750,S153M,-0.1907,153,S,M
2751,S153N,0.0601,153,S,N
2752,S153P,1.2608,153,S,P
2753,S153Q,-0.1901,153,S,Q
2754,S153R,-0.2578,153,S,R
2755,S153S,0.0,153,S,S
2756,S153T,-0.0637,153,S,T
2757,S153V,-0.0375,153,S,V
2758,S153W,-0.2179,153,S,W
2759,S153Y,-0.2636,153,S,Y
2760,E154A,0.1039,154,E,A
2761,E154C,-0.108,154,E,C
2762,E154D,0.4375,154,E,D
2763,E154E,0.0,154,E,E
2764,E154F,0.1158,154,E,F
2765,E154G,0.5753,154,E,G
2766,E154H,0.3337,154,E,H
2767,E154I,0.1341,154,E,I
2768,E154K,0.3816,154,E,K
2769,E154L,0.084,154,E,L
2770,E154M,0.1597,154,E,M
2771,E154N,0.5105,154,E,N
2772,E154P,1.6584,154,E,P
2773,E154Q,0.2686,154,E,Q
2774,E154R,0.3833,154,E,R
2775,E154S,0.3609,154,E,S
2776,E154T,0.3169,154,E,T
2777,E154V,0.2721,154,E,V
2778,E154W,0.0394,154,E,W
2779,E154Y,0.0491,154,E,Y
2780,M155A,0.6409,155,M,A
2781,M155C,0.0913,155,M,C
2782,M155D,1.2444,155,M,D
2783,M155E,0.867,155,M,E
2784,M155F,-0.1403,155,M,F
2785,M155G,1.0641,155,M,G
2786,M155H,0.5848,155,M,H
2787,M155I,-0.1023,155,M,I
2788,M155K,0.727,155,M,K
2789,M155L,-0.088,155,M,L
2790,M155M,0.0,155,M,M
2791,M155N,0.982,155,M,N
2792,M155P,1.0713,155,M,P
2793,M155Q,0.7947,155,M,Q
2794,M155R,0.6047,155,M,R
2795,M155S,0.9668,155,M,S
2796,M155T,0.8052,155,M,T
2797,M155V,0.2301,155,M,V
2798,M155W,-0.136,155,M,W
2799,M155Y,-0.1259,155,M,Y
2800,L156A,0.3604,156,L,A
2801,L156C,-0.0148,156,L,C
2802,L156D,1.083,156,L,D
2803,L156E,0.6698,156,L,E
2804,L156F,0.0787,156,L,F
2805,L156G,1.0082,156,L,G
2806,L156H,0.5294,156,L,H
2807,L156I,-0.4411,156,L,I
2808,L156K,0.5636,156,L,K
2809,L156L,0.0,156,L,L
2810,L156M,0.1478,156,L,M
2811,L156N,0.856,156,L,N
2812,L156P,1.3304,156,L,P
2813,L156Q,0.5637,156,L,Q
2814,L156R,0.5257,156,L,R
2815,L156S,0.5567,156,L,S
2816,L156T,0.1635,156,L,T
2817,L156V,-0.3865,156,L,V
2818,L156W,0.0359,156,L,W
2819,L156Y,0.0151,156,L,Y
2820,S157A,-0.1821,157,S,A
2821,S157C,-0.1853,157,S,C
2822,S157D,0.2337,157,S,D
2823,S157E,-0.0594,157,S,E
2824,S157F,0.039,157,S,F
2825,S157G,0.3022,157,S,G
2826,S157H,0.055,157,S,H
2827,S157I,-0.0438,157,S,I
2828,S157K,-0.1348,157,S,K
2829,S157L,-0.1116,157,S,L
2830,S157M,-0.0875,157,S,M
2831,S157N,0.1326,157,S,N
2832,S157P,1.0798,157,S,P
2833,S157Q,-0.0641,157,S,Q
2834,S157R,-0.134,157,S,R
2835,S157S,0.0,157,S,S
2836,S157T,0.0186,157,S,T
2837,S157V,0.0716,157,S,V
2838,S157W,-0.042,157,S,W
2839,S157Y,-0.0122,157,S,Y
2840,K158A,0.3088,158,K,A
2841,K158C,0.1916,158,K,C
2842,K158D,0.7632,158,K,D
2843,K158E,0.5571,158,K,E
2844,K158F,0.3325,158,K,F
2845,K158G,0.8162,158,K,G
2846,K158H,0.346,158,K,H
2847,K158I,0.031,158,K,I
2848,K158K,0.0,158,K,K
2849,K158L,0.1146,158,K,L
2850,K158M,0.2357,158,K,M
2851,K158N,0.4501,158,K,N
2852,K158P,1.1547,158,K,P
2853,K158Q,0.2888,158,K,Q
2854,K158R,0.0167,158,K,R
2855,K158S,0.3909,158,K,S
2856,K158T,0.2914,158,K,T
2857,K158V,0.2406,158,K,V
2858,K158W,0.3353,158,K,W
2859,K158Y,0.2765,158,K,Y
2860,E159A,0.0823,159,E,A
2861,E159C,-0.1309,159,E,C
2862,E159D,0.4589,159,E,D
2863,E159E,0.0,159,E,E
2864,E159F,0.0107,159,E,F
2865,E159G,0.4808,159,E,G
2866,E159H,0.2463,159,E,H
2867,E159I,-0.1445,159,E,I
2868,E159K,0.4451,159,E,K
2869,E159L,-0.0236,159,E,L
2870,E159M,0.1087,159,E,M
2871,E159N,0.5551,159,E,N
2872,E159P,1.0202,159,E,P
2873,E159Q,0.3464,159,E,Q
2874,E159R,0.4327,159,E,R
2875,E159S,0.3917,159,E,S
2876,E159T,0.31,159,E,T
2877,E159V,0.0342,159,E,V
2878,E159W,-0.108,159,E,W
2879,E159Y,-0.1859,159,E,Y
2880,Y160A,0.5096,160,Y,A
2881,Y160C,0.2034,160,Y,C
2882,Y160D,0.8463,160,Y,D
2883,Y160E,0.7355,160,Y,E
2884,Y160F,0.0708,160,Y,F
2885,Y160G,0.8523,160,Y,G
2886,Y160H,0.4272,160,Y,H
2887,Y160I,0.2454,160,Y,I
2888,Y160K,0.3845,160,Y,K
2889,Y160L,0.3007,160,Y,L
2890,Y160M,0.2638,160,Y,M
2891,Y160N,0.6881,160,Y,N
2892,Y160P,1.081,160,Y,P
2893,Y160Q,0.4981,160,Y,Q
2894,Y160R,0.342,160,Y,R
2895,Y160S,0.5968,160,Y,S
2896,Y160T,0.5747,160,Y,T
2897,Y160V,0.4441,160,Y,V
2898,Y160W,-0.0437,160,Y,W
2899,Y160Y,0.0,160,Y,Y
2900,S161A,-0.0083,161,S,A
2901,S161C,-0.0556,161,S,C
2902,S161D,0.3713,161,S,D
2903,S161E,0.1394,161,S,E
2904,S161F,0.1249,161,S,F
2905,S161G,0.2867,161,S,G
2906,S161H,0.1518,161,S,H
2907,S161I,0.0634,161,S,I
2908,S161K,0.0297,161,S,K
2909,S161L,0.1446,161,S,L
2910,S161M,0.1036,161,S,M
2911,S161N,0.1947,161,S,N
2912,S161P,0.7571,161,S,P
2913,S161Q,0.1674,161,S,Q
2914,S161R,-0.0265,161,S,R
2915,S161S,0.0,161,S,S
2916,S161T,0.0645,161,S,T
2917,S161V,0.1474,161,S,V
2918,S161W,0.1808,161,S,W
2919,S161Y,0.1866,161,S,Y
2920,D162A,-0.1103,162,D,A
2921,D162C,-0.1358,162,D,C
2922,D162D,0.0,162,D,D
2923,D162E,-0.0863,162,D,E
2924,D162F,0.0765,162,D,F
2925,D162G,0.1751,162,D,G
2926,D162H,0.0581,162,D,H
2927,D162I,0.0018,162,D,I
2928,D162K,0.0303,162,D,K
2929,D162L,0.0105,162,D,L
2930,D162M,0.0583,162,D,M
2931,D162N,0.0953,162,D,N
2932,D162P,0.5605,162,D,P
2933,D162Q,0.0319,162,D,Q
2934,D162R,-0.0027,162,D,R
2935,D162S,-0.0573,162,D,S
2936,D162T,0.0072,162,D,T
2937,D162V,0.031,162,D,V
2938,D162W,0.0323,162,D,W
2939,D162Y,0.0948,162,D,Y
